transaction_id,customer_id,transaction_ts,transaction_type,direction,amount,country_code,channel
1576,105,2026-01-01 01:07:00,ACH Credit,In,1832.52,US,Branch
671,48,2026-01-01 01:52:00,Card Purchase,Out,3625.23,MX,Web
2595,176,2026-01-01 03:50:00,ACH Debit,Out,235.91,US,Web
2487,170,2026-01-01 03:56:00,Wire In,In,5279.36,MX,Web
1727,115,2026-01-01 05:11:00,Wire Out,Out,6087.04,US,Mobile
1495,101,2026-01-01 06:04:00,Card Purchase,Out,1921.51,US,Automated
84,7,2026-01-01 10:29:00,Cash Withdrawal,Out,4624.67,US,Automated
1411,95,2026-01-01 11:23:00,Card Purchase,Out,7880.0,US,Branch
336,26,2026-01-01 11:38:00,Cash Withdrawal,Out,10,US,Web
3526,242,2026-01-01 15:12:00,Wire Out,Out,363.27,US,Automated
243,20,2026-01-01 16:38:00,Wire Out,Out,10,US,Mobile
2943,202,2026-01-01 17:18:00,Card Purchase,Out,2784.86,US,Web
2032,137,2026-01-01 19:27:00,Card Purchase,Out,1957.36,US,Automated
1537,103,2026-01-01 20:04:00,ACH Debit,Out,32.8,US,Web
2495,171,2026-01-01 23:31:00,Cash Withdrawal,Out,10,GB,Mobile
1689,113,2026-01-02 01:20:00,Wire In,In,221.99,CA,Automated
2714,185,2026-01-02 03:52:00,Card Purchase,Out,335.42,SG,Branch
2884,198,2026-01-02 03:59:00,ACH Credit,In,1222.36,US,Mobile
1011,71,2026-01-02 04:36:00,Card Purchase,Out,5407.08,US,Branch
1954,132,2026-01-02 04:46:00,Cash Withdrawal,Out,700.81,US,Mobile
3544,244,2026-01-02 05:21:00,Card Purchase,Out,5925.39,US,Automated
2578,176,2026-01-02 05:24:00,Cash Withdrawal,Out,3744.66,US,Mobile
1122,78,2026-01-02 08:00:00,Cash Deposit,In,20,US,Web
3476,239,2026-01-02 11:17:00,ACH Credit,In,9144.05,US,Automated
3610,248,2026-01-02 12:10:00,Wire In,In,4122.89,US,Mobile
814,58,2026-01-02 12:45:00,Card Purchase,Out,1977.67,US,Web
1811,121,2026-01-02 12:45:00,Wire Out,Out,868.94,US,Web
1680,112,2026-01-02 18:02:00,ACH Debit,Out,10,US,Mobile
788,56,2026-01-02 22:11:00,Cash Deposit,In,54.7,US,Web
735,53,2026-01-02 22:22:00,Card Purchase,Out,3747.57,US,Mobile
1313,90,2026-01-02 22:27:00,Card Purchase,Out,441.61,US,Web
1941,131,2026-01-02 22:49:00,ACH Credit,In,1059.43,US,Branch
736,53,2026-01-02 23:30:00,ACH Debit,Out,10,US,Automated
2799,192,2026-01-02 23:42:00,ACH Debit,Out,1410.78,US,Mobile
2257,152,2026-01-03 03:11:00,Cash Deposit,In,1017.11,US,Web
1471,99,2026-01-03 07:44:00,Card Purchase,Out,10,US,Automated
1306,89,2026-01-03 09:53:00,ACH Credit,In,2612.4,US,Mobile
328,26,2026-01-03 10:05:00,ACH Debit,Out,25.07,US,Mobile
2039,137,2026-01-03 10:46:00,Card Purchase,Out,467.91,US,Branch
3583,246,2026-01-03 12:30:00,ACH Credit,In,9394.12,US,Web
919,65,2026-01-03 12:41:00,Card Purchase,Out,5003.49,US,Web
52,4,2026-01-03 13:10:00,ACH Credit,In,2505.26,DE,Web
2016,136,2026-01-03 13:31:00,Card Purchase,Out,625.24,US,Mobile
1478,100,2026-01-03 14:53:00,ACH Debit,Out,65.57,US,Mobile
3376,233,2026-01-03 17:33:00,ACH Debit,Out,4105.86,MX,Automated
361,28,2026-01-03 17:40:00,Card Purchase,Out,1396.31,GB,Automated
655,47,2026-01-03 20:13:00,Wire In,In,263.78,US,Automated
91,8,2026-01-03 20:26:00,Cash Withdrawal,Out,482.78,US,Automated
3586,246,2026-01-03 20:49:00,ACH Credit,In,2002.3,US,Branch
2290,155,2026-01-04 02:09:00,Wire Out,Out,4714.78,US,Branch
1181,82,2026-01-04 02:10:00,ACH Credit,In,199.36,US,Branch
123,11,2026-01-04 02:43:00,ACH Credit,In,2254.81,US,Branch
2606,177,2026-01-04 03:30:00,ACH Debit,Out,2050.38,US,Automated
1405,95,2026-01-04 03:43:00,Card Purchase,Out,7816.12,US,Web
319,25,2026-01-04 04:10:00,Wire In,In,4615.55,US,Automated
2295,155,2026-01-04 08:05:00,Card Purchase,Out,6014.23,US,Web
1380,93,2026-01-04 08:18:00,ACH Debit,Out,2629.95,MX,Automated
2958,203,2026-01-04 09:37:00,Card Purchase,Out,270.7,US,Mobile
1826,122,2026-01-04 10:59:00,ACH Debit,Out,3521.44,US,Branch
1923,129,2026-01-04 13:48:00,ACH Debit,Out,536.59,US,Branch
3396,234,2026-01-04 13:52:00,ACH Debit,Out,10,US,Branch
2222,150,2026-01-04 14:27:00,Cash Deposit,In,4721.88,US,Web
1285,88,2026-01-04 14:58:00,Wire Out,Out,225.56,US,Branch
877,63,2026-01-04 15:47:00,Card Purchase,Out,4825.09,US,Mobile
1136,79,2026-01-04 17:59:00,Card Purchase,Out,3101.44,US,Web
1638,109,2026-01-04 19:27:00,ACH Debit,Out,17.51,US,Automated
1589,106,2026-01-04 19:42:00,Wire In,In,43.34,US,Mobile
3195,220,2026-01-04 20:34:00,Card Purchase,Out,316.7,US,Branch
1251,86,2026-01-04 21:52:00,ACH Debit,Out,357.3,US,Automated
3054,209,2026-01-05 00:33:00,ACH Credit,In,1539.07,US,Web
2277,153,2026-01-05 00:42:00,Cash Deposit,In,658.87,US,Branch
2497,171,2026-01-05 01:58:00,Cash Deposit,In,719.15,US,Web
1933,130,2026-01-05 02:31:00,Cash Withdrawal,Out,2505.18,US,Branch
290,23,2026-01-05 03:28:00,ACH Debit,Out,5007.2,US,Web
2336,158,2026-01-05 03:41:00,Card Purchase,Out,2322.33,US,Automated
3214,221,2026-01-05 04:23:00,ACH Debit,Out,16.14,US,Automated
2371,161,2026-01-05 06:40:00,Card Purchase,Out,49.39,US,Mobile
712,51,2026-01-05 07:55:00,Cash Withdrawal,Out,53.42,US,Mobile
1862,124,2026-01-05 08:55:00,ACH Credit,In,43.47,US,Automated
2786,191,2026-01-05 12:41:00,Card Purchase,Out,3373.33,US,Automated
3183,220,2026-01-05 13:40:00,Wire Out,Out,540.55,US,Mobile
2942,201,2026-01-05 16:36:00,Card Purchase,Out,240.46,US,Mobile
106,9,2026-01-05 18:50:00,Cash Withdrawal,Out,9851.04,US,Automated
89,8,2026-01-05 19:20:00,ACH Credit,In,1492.39,US,Mobile
2927,200,2026-01-05 20:37:00,Card Purchase,Out,32.79,US,Branch
1442,98,2026-01-05 20:39:00,Cash Deposit,In,1889.69,US,Branch
1082,75,2026-01-05 20:49:00,Cash Deposit,In,6139.82,US,Automated
2411,164,2026-01-05 20:55:00,Wire In,In,20,US,Mobile
2229,151,2026-01-05 22:53:00,Card Purchase,Out,1164.84,US,Web
1440,98,2026-01-06 01:10:00,Card Purchase,Out,2500.25,US,Mobile
3053,209,2026-01-06 01:50:00,ACH Credit,In,1043.03,US,Automated
2832,195,2026-01-06 03:08:00,Card Purchase,Out,1243.03,US,Branch
3249,223,2026-01-06 03:16:00,Card Purchase,Out,942.63,US,Web
569,41,2026-01-06 03:34:00,Card Purchase,Out,9702.08,US,Mobile
2358,160,2026-01-06 05:53:00,Card Purchase,Out,10,GB,Branch
402,30,2026-01-06 06:17:00,Wire In,In,65.11,US,Branch
1651,110,2026-01-06 06:38:00,Card Purchase,Out,3724.64,US,Branch
51,4,2026-01-06 07:19:00,ACH Debit,Out,1902.76,US,Automated
2913,199,2026-01-06 07:19:00,Card Purchase,Out,568.24,US,Branch
965,68,2026-01-06 08:29:00,Cash Withdrawal,Out,1060.63,US,Automated
3308,228,2026-01-06 09:06:00,ACH Credit,In,2098.76,US,Mobile
2681,182,2026-01-06 10:07:00,Cash Withdrawal,Out,1137.02,US,Mobile
2710,185,2026-01-06 12:58:00,ACH Debit,Out,174.02,US,Mobile
753,54,2026-01-06 13:05:00,ACH Debit,Out,4126.52,US,Web
975,69,2026-01-06 13:12:00,ACH Credit,In,4038.52,US,Automated
2773,190,2026-01-06 14:01:00,ACH Credit,In,20,SG,Web
2478,170,2026-01-06 14:37:00,Card Purchase,Out,4385.81,US,Web
710,51,2026-01-06 14:44:00,Wire In,In,20,US,Mobile
1903,128,2026-01-06 18:05:00,ACH Credit,In,2988.58,US,Web
3196,221,2026-01-06 19:14:00,ACH Credit,In,20,US,Branch
1593,106,2026-01-06 20:02:00,ACH Credit,In,250.56,GB,Branch
930,66,2026-01-06 20:25:00,Wire In,In,40.85,US,Automated
1005,71,2026-01-06 21:50:00,ACH Debit,Out,3734.57,US,Mobile
3018,206,2026-01-06 22:51:00,Cash Deposit,In,2731.99,US,Branch
1723,114,2026-01-07 00:30:00,ACH Debit,Out,10,US,Web
3511,242,2026-01-07 01:08:00,ACH Debit,Out,1477.28,US,Branch
284,23,2026-01-07 01:38:00,ACH Debit,Out,7635.28,US,Branch
2807,193,2026-01-07 01:43:00,Wire Out,Out,4345.27,SG,Web
3301,227,2026-01-07 02:53:00,Card Purchase,Out,2112.63,US,Mobile
1795,120,2026-01-07 03:34:00,Cash Withdrawal,Out,3955.9,US,Branch
2945,202,2026-01-07 03:58:00,Wire In,In,4228.63,US,Web
2919,200,2026-01-07 04:31:00,Wire In,In,69.67,US,Web
2099,141,2026-01-07 05:04:00,Wire In,In,109.57,GB,Mobile
1363,93,2026-01-07 08:02:00,Cash Withdrawal,Out,3692.09,CA,Automated
2149,145,2026-01-07 13:43:00,Cash Deposit,In,1107.45,MX,Automated
216,18,2026-01-07 19:55:00,ACH Debit,Out,916.19,CA,Mobile
921,65,2026-01-07 23:25:00,ACH Debit,Out,10,US,Web
2575,176,2026-01-08 00:32:00,Cash Deposit,In,2547.54,US,Automated
2503,171,2026-01-08 00:49:00,ACH Debit,Out,297.22,US,Mobile
2527,173,2026-01-08 01:07:00,Wire In,In,26.33,US,Automated
1547,104,2026-01-08 01:14:00,ACH Credit,In,20,DE,Web
808,58,2026-01-08 02:20:00,Wire In,In,10171.42,US,Web
1810,121,2026-01-08 03:08:00,Card Purchase,Out,857.79,US,Branch
601,43,2026-01-08 03:18:00,Cash Deposit,In,7530.09,GB,Automated
2742,187,2026-01-08 03:59:00,Card Purchase,Out,1848.34,US,Automated
1169,81,2026-01-08 04:14:00,Card Purchase,Out,10,US,Web
1232,85,2026-01-08 04:23:00,Card Purchase,Out,1501.7,US,Branch
2125,143,2026-01-08 05:57:00,Cash Deposit,In,1359.59,US,Automated
3508,241,2026-01-08 07:41:00,ACH Debit,Out,791.6,US,Web
528,38,2026-01-08 08:12:00,Card Purchase,Out,3181.83,US,Mobile
3606,247,2026-01-08 08:19:00,Wire Out,Out,10,MX,Automated
706,51,2026-01-08 09:32:00,ACH Credit,In,20,GB,Web
14,1,2026-01-08 09:51:00,Cash Withdrawal,Out,2161.32,US,Branch
1749,116,2026-01-08 11:47:00,ACH Debit,Out,25.86,US,Automated
1061,74,2026-01-08 13:45:00,Card Purchase,Out,10,US,Branch
998,70,2026-01-08 16:00:00,Card Purchase,Out,1507.01,US,Web
888,64,2026-01-08 16:18:00,Card Purchase,Out,1852.49,US,Mobile
3049,209,2026-01-08 16:44:00,ACH Credit,In,540.62,US,Mobile
332,26,2026-01-08 17:47:00,ACH Debit,Out,17.16,US,Branch
3579,245,2026-01-08 18:02:00,Cash Withdrawal,Out,4140.41,US,Web
625,45,2026-01-08 22:52:00,ACH Debit,Out,10798.2,US,Web
1786,119,2026-01-09 00:18:00,ACH Credit,In,2446.89,US,Mobile
3292,227,2026-01-09 01:02:00,Cash Withdrawal,Out,2869.19,US,Web
1876,125,2026-01-09 01:54:00,Cash Deposit,In,4885.39,US,Web
438,33,2026-01-09 02:48:00,ACH Debit,Out,1342.04,US,Mobile
213,18,2026-01-09 03:17:00,ACH Debit,Out,3641.17,CA,Mobile
3011,206,2026-01-09 04:19:00,Cash Withdrawal,Out,3878.33,US,Branch
3101,213,2026-01-09 07:13:00,ACH Credit,In,80.25,US,Web
1886,126,2026-01-09 08:09:00,ACH Debit,Out,92.86,US,Branch
231,19,2026-01-09 09:03:00,ACH Credit,In,7006.37,US,Web
3313,228,2026-01-09 09:07:00,Card Purchase,Out,2207.96,US,Web
1686,112,2026-01-09 12:01:00,ACH Credit,In,1641.32,US,Branch
3393,234,2026-01-09 12:20:00,ACH Debit,Out,206.0,US,Web
1064,74,2026-01-09 13:01:00,ACH Debit,Out,2213.89,US,Branch
896,64,2026-01-09 13:29:00,ACH Credit,In,2731.58,US,Branch
656,47,2026-01-09 14:14:00,Card Purchase,Out,320.02,US,Mobile
167,14,2026-01-09 14:50:00,ACH Credit,In,1487.12,US,Web
2342,158,2026-01-09 15:46:00,Cash Withdrawal,Out,6305.56,US,Web
570,41,2026-01-09 16:05:00,Card Purchase,Out,157.45,US,Branch
2701,184,2026-01-09 17:39:00,ACH Credit,In,3392.94,GB,Web
940,66,2026-01-09 19:07:00,ACH Credit,In,20,US,Web
96,8,2026-01-09 20:13:00,Cash Deposit,In,642.46,US,Branch
1170,81,2026-01-09 22:12:00,Card Purchase,Out,1763.55,US,Mobile
472,35,2026-01-09 22:26:00,Card Purchase,Out,130.64,US,Branch
2658,180,2026-01-09 22:38:00,ACH Credit,In,10274.11,US,Mobile
3519,242,2026-01-09 23:08:00,Cash Deposit,In,3138.53,US,Automated
2350,159,2026-01-09 23:19:00,Card Purchase,Out,203.41,CA,Web
2100,141,2026-01-10 00:06:00,Cash Deposit,In,1724.41,US,Mobile
3279,225,2026-01-10 01:45:00,Card Purchase,Out,846.84,US,Web
3545,244,2026-01-10 01:50:00,Wire Out,Out,588.75,US,Branch
3291,227,2026-01-10 02:26:00,ACH Credit,In,2371.08,US,Web
535,39,2026-01-10 02:48:00,Card Purchase,Out,4223.63,US,Branch
2171,147,2026-01-10 03:20:00,Cash Deposit,In,20,US,Mobile
1316,90,2026-01-10 03:32:00,Card Purchase,Out,1689.31,US,Mobile
2514,172,2026-01-10 04:46:00,Card Purchase,Out,2775.63,MX,Web
3516,242,2026-01-10 04:57:00,Cash Deposit,In,3900.51,US,Web
3454,238,2026-01-10 05:03:00,Cash Withdrawal,Out,10,US,Branch
3294,227,2026-01-10 06:03:00,Wire Out,Out,2067.89,US,Automated
2212,150,2026-01-10 06:19:00,Cash Withdrawal,Out,5961.48,US,Mobile
3425,236,2026-01-10 09:13:00,Card Purchase,Out,1049.25,US,Mobile
1304,89,2026-01-10 09:24:00,ACH Credit,In,562.29,US,Branch
1413,95,2026-01-10 10:58:00,Cash Withdrawal,Out,8444.48,US,Mobile
1180,82,2026-01-10 11:35:00,Cash Deposit,In,165.4,US,Branch
2656,180,2026-01-10 11:48:00,Card Purchase,Out,71.46,US,Branch
1311,90,2026-01-10 12:28:00,Wire In,In,6792.31,US,Web
927,65,2026-01-10 13:35:00,ACH Debit,Out,1903.79,US,Web
2123,143,2026-01-10 13:35:00,Cash Withdrawal,Out,1509.35,US,Mobile
2987,204,2026-01-10 13:38:00,Cash Withdrawal,Out,6420.46,US,Web
682,49,2026-01-10 19:46:00,Card Purchase,Out,818.66,DE,Automated
3389,233,2026-01-10 21:30:00,Card Purchase,Out,2019.38,US,Branch
2684,182,2026-01-10 23:12:00,Card Purchase,Out,2591.69,US,Mobile
116,10,2026-01-11 03:17:00,Wire Out,Out,2968.93,US,Branch
1142,79,2026-01-11 04:13:00,Cash Deposit,In,989.78,US,Web
1089,75,2026-01-11 04:41:00,Cash Deposit,In,6045.93,US,Branch
2076,139,2026-01-11 06:05:00,Cash Withdrawal,Out,1685.0,US,Mobile
2605,177,2026-01-11 06:17:00,ACH Debit,Out,1332.92,US,Mobile
3264,224,2026-01-11 08:35:00,Cash Deposit,In,3704.41,US,Mobile
1454,98,2026-01-11 10:16:00,ACH Debit,Out,2627.12,SG,Branch
1949,132,2026-01-11 10:25:00,ACH Debit,Out,127.06,US,Automated
834,60,2026-01-11 10:53:00,Card Purchase,Out,1516.25,US,Automated
1465,99,2026-01-11 11:13:00,ACH Debit,Out,685.68,US,Branch
1992,135,2026-01-11 11:35:00,Wire Out,Out,2204.3,CA,Web
836,60,2026-01-11 12:42:00,Cash Withdrawal,Out,1883.97,US,Automated
20,2,2026-01-11 13:43:00,ACH Credit,In,68.83,US,Branch
2512,172,2026-01-11 21:05:00,Wire In,In,3527.91,US,Automated
981,69,2026-01-11 21:47:00,ACH Credit,In,2298.43,US,Web
1864,124,2026-01-11 21:51:00,Card Purchase,Out,10,US,Branch
474,35,2026-01-11 22:32:00,Cash Deposit,In,897.11,CA,Mobile
1296,88,2026-01-12 01:39:00,Wire In,In,463.87,US,Mobile
369,28,2026-01-12 02:16:00,ACH Debit,Out,135.34,CA,Web
2570,175,2026-01-12 03:52:00,ACH Debit,Out,10,US,Branch
2214,150,2026-01-12 04:32:00,Cash Withdrawal,Out,2669.27,US,Mobile
2387,162,2026-01-12 04:53:00,ACH Credit,In,1506.45,US,Mobile
411,31,2026-01-12 06:02:00,Cash Deposit,In,1322.73,US,Mobile
1572,105,2026-01-12 08:02:00,ACH Credit,In,3464.59,GB,Branch
758,54,2026-01-12 08:03:00,Card Purchase,Out,2037.8,US,Web
1365,93,2026-01-12 09:39:00,ACH Debit,Out,2381.03,US,Mobile
478,35,2026-01-12 09:40:00,Card Purchase,Out,392.17,US,Automated
148,13,2026-01-12 10:10:00,Cash Withdrawal,Out,10,US,Automated
2801,192,2026-01-12 12:00:00,Wire Out,Out,1083.32,US,Mobile
171,14,2026-01-12 12:06:00,Wire In,In,6161.84,US,Automated
2521,172,2026-01-12 12:42:00,Wire In,In,3697.9,US,Automated
481,35,2026-01-12 12:54:00,ACH Credit,In,574.88,US,Mobile
1573,105,2026-01-12 13:10:00,Card Purchase,Out,2421.88,US,Web
870,62,2026-01-12 14:35:00,Card Purchase,Out,14.0,US,Automated
1150,79,2026-01-12 14:45:00,Wire Out,Out,1877.4,US,Mobile
1431,97,2026-01-12 17:18:00,Wire Out,Out,4449.78,US,Automated
2086,140,2026-01-12 18:00:00,Cash Withdrawal,Out,1501.82,CA,Mobile
1299,88,2026-01-12 18:31:00,ACH Credit,In,668.77,US,Web
1115,77,2026-01-12 19:51:00,ACH Debit,Out,3789.25,US,Branch
2632,179,2026-01-12 21:41:00,Cash Withdrawal,Out,773.51,US,Automated
156,13,2026-01-12 22:14:00,Wire Out,Out,1547.85,US,Mobile
934,66,2026-01-12 23:33:00,Card Purchase,Out,34.72,GB,Web
647,47,2026-01-13 00:08:00,ACH Debit,Out,415.26,US,Automated
3176,219,2026-01-13 00:10:00,ACH Debit,Out,10,US,Automated
744,54,2026-01-13 00:53:00,ACH Credit,In,11099.3,US,Branch
1521,102,2026-01-13 02:55:00,Cash Deposit,In,20,US,Automated
2970,203,2026-01-13 02:56:00,Cash Deposit,In,145.26,US,Web
2639,179,2026-01-13 05:12:00,Card Purchase,Out,10,US,Branch
3404,234,2026-01-13 05:32:00,Wire In,In,231.68,US,Branch
1410,95,2026-01-13 06:14:00,Card Purchase,Out,7934.14,US,Web
3255,224,2026-01-13 10:41:00,ACH Credit,In,3120.98,GB,Automated
906,64,2026-01-13 10:50:00,Cash Deposit,In,4918.9,DE,Web
441,33,2026-01-13 11:13:00,Card Purchase,Out,1672.98,US,Automated
2552,174,2026-01-13 13:21:00,Card Purchase,Out,4268.79,US,Web
1265,86,2026-01-13 15:28:00,Cash Withdrawal,Out,1217.86,US,Web
376,28,2026-01-13 16:34:00,Card Purchase,Out,26.93,US,Branch
1679,112,2026-01-13 18:01:00,Wire Out,Out,1414.51,US,Automated
1620,108,2026-01-13 20:19:00,Card Purchase,Out,739.11,US,Mobile
1619,108,2026-01-13 20:49:00,Card Purchase,Out,737.44,GB,Web
327,26,2026-01-13 22:55:00,Cash Withdrawal,Out,20.72,DE,Mobile
939,66,2026-01-13 23:14:00,ACH Credit,In,43.05,US,Branch
2711,185,2026-01-13 23:59:00,ACH Debit,Out,787.98,MX,Branch
1788,119,2026-01-14 02:35:00,Card Purchase,Out,969.71,US,Web
1546,104,2026-01-14 02:43:00,Wire Out,Out,10,US,Web
893,64,2026-01-14 03:32:00,Card Purchase,Out,10,US,Mobile
1706,114,2026-01-14 04:47:00,Cash Withdrawal,Out,5814.65,US,Branch
1945,131,2026-01-14 05:17:00,Card Purchase,Out,2051.41,GB,Web
3063,210,2026-01-14 08:38:00,Wire Out,Out,5156.08,US,Mobile
470,34,2026-01-14 09:21:00,Cash Withdrawal,Out,187.5,DE,Automated
3135,217,2026-01-14 10:36:00,Card Purchase,Out,2421.99,US,Branch
110,9,2026-01-14 11:42:00,Cash Deposit,In,9003.67,US,Automated
1084,75,2026-01-14 14:01:00,Wire In,In,18242.57,US,Automated
3034,208,2026-01-14 14:09:00,Cash Deposit,In,20,US,Web
2300,155,2026-01-14 15:29:00,Card Purchase,Out,2484.17,US,Automated
3361,232,2026-01-14 16:35:00,ACH Debit,Out,747.4,SG,Automated
391,29,2026-01-14 19:05:00,Wire Out,Out,38.12,US,Mobile
2217,150,2026-01-14 20:40:00,Card Purchase,Out,4700.3,US,Automated
3360,232,2026-01-14 21:10:00,Cash Withdrawal,Out,816.11,US,Automated
740,53,2026-01-14 21:40:00,Cash Deposit,In,20,CA,Branch
3572,245,2026-01-15 00:48:00,Cash Withdrawal,Out,3231.1,US,Web
3503,241,2026-01-15 00:56:00,Wire In,In,2394.47,US,Branch
1634,108,2026-01-15 02:58:00,ACH Debit,Out,4290.14,US,Web
1879,126,2026-01-15 03:16:00,Card Purchase,Out,806.76,US,Mobile
2416,165,2026-01-15 03:25:00,Cash Withdrawal,Out,1877.96,US,Automated
752,54,2026-01-15 03:55:00,Card Purchase,Out,2296.52,US,Branch
3566,245,2026-01-15 04:00:00,Cash Withdrawal,Out,1434.17,US,Branch
3266,224,2026-01-15 04:44:00,Card Purchase,Out,483.3,CA,Branch
61,5,2026-01-15 06:21:00,Cash Withdrawal,Out,2270.41,US,Web
3412,235,2026-01-15 06:31:00,Card Purchase,Out,5221.0,US,Automated
2017,136,2026-01-15 06:45:00,Card Purchase,Out,10,US,Branch
3439,237,2026-01-15 08:18:00,Card Purchase,Out,10,US,Branch
523,38,2026-01-15 12:04:00,Wire In,In,1183.12,US,Automated
2769,190,2026-01-15 13:17:00,Cash Withdrawal,Out,26.25,US,Branch
1042,73,2026-01-15 13:36:00,Cash Deposit,In,3689.79,US,Branch
1944,131,2026-01-15 13:39:00,Card Purchase,Out,606.39,US,Web
797,57,2026-01-15 18:18:00,ACH Credit,In,322.29,US,Branch
1812,121,2026-01-15 19:58:00,Card Purchase,Out,309.74,US,Web
2461,169,2026-01-15 23:07:00,ACH Debit,Out,4986.17,US,Automated
2797,192,2026-01-16 00:34:00,Wire Out,Out,1055.8,US,Mobile
2859,196,2026-01-16 03:10:00,Cash Deposit,In,4502.49,US,Branch
2065,139,2026-01-16 03:16:00,Card Purchase,Out,10,US,Web
2115,142,2026-01-16 06:39:00,Cash Withdrawal,Out,2320.64,MX,Automated
1570,105,2026-01-16 06:59:00,Cash Deposit,In,3517.02,US,Mobile
2932,201,2026-01-16 07:29:00,Card Purchase,Out,1376.14,US,Mobile
433,32,2026-01-16 09:34:00,Card Purchase,Out,3352.61,US,Branch
1908,128,2026-01-16 12:11:00,Card Purchase,Out,10,US,Automated
2488,170,2026-01-16 12:57:00,ACH Credit,In,2114.68,US,Web
2417,165,2026-01-16 13:54:00,Cash Deposit,In,20,GB,Branch
377,28,2026-01-16 14:33:00,Card Purchase,Out,936.31,US,Web
798,57,2026-01-16 16:09:00,Wire Out,Out,6206.71,US,Mobile
1437,97,2026-01-16 16:35:00,Wire In,In,2622.23,US,Automated
1776,118,2026-01-16 18:23:00,Card Purchase,Out,333.33,US,Mobile
1017,71,2026-01-16 18:55:00,ACH Debit,Out,1389.31,US,Branch
485,35,2026-01-16 22:22:00,Card Purchase,Out,1703.68,US,Branch
325,25,2026-01-16 23:26:00,Card Purchase,Out,3239.5,US,Automated
459,34,2026-01-16 23:41:00,ACH Credit,In,20,CA,Web
3429,236,2026-01-17 02:04:00,ACH Debit,Out,2266.39,US,Automated
726,52,2026-01-17 06:04:00,ACH Credit,In,2948.93,US,Mobile
2828,195,2026-01-17 06:30:00,Card Purchase,Out,3183.99,US,Web
2266,153,2026-01-17 07:20:00,ACH Credit,In,6392.25,US,Branch
2176,147,2026-01-17 07:40:00,Cash Withdrawal,Out,3830.05,US,Automated
1736,116,2026-01-17 10:12:00,ACH Debit,Out,10,US,Mobile
3331,230,2026-01-17 11:13:00,Cash Withdrawal,Out,4492.48,US,Automated
2079,140,2026-01-17 12:06:00,ACH Credit,In,258.93,SG,Branch
130,11,2026-01-17 12:52:00,Card Purchase,Out,245.03,US,Mobile
2081,140,2026-01-17 17:20:00,Cash Withdrawal,Out,1462.11,US,Automated
1739,116,2026-01-17 19:02:00,Wire Out,Out,30.81,SG,Branch
373,28,2026-01-17 19:44:00,ACH Debit,Out,2890.41,US,Mobile
3349,231,2026-01-17 22:40:00,Cash Withdrawal,Out,718.91,US,Automated
2972,203,2026-01-17 22:48:00,Wire Out,Out,10,US,Mobile
2072,139,2026-01-17 23:50:00,Cash Deposit,In,1794.01,US,Automated
182,15,2026-01-18 00:42:00,Cash Withdrawal,Out,3719.45,US,Web
473,35,2026-01-18 00:58:00,ACH Debit,Out,1953.04,US,Automated
2581,176,2026-01-18 01:35:00,Card Purchase,Out,921.94,US,Branch
3521,242,2026-01-18 05:00:00,ACH Credit,In,4819.5,US,Mobile
2864,197,2026-01-18 05:50:00,Card Purchase,Out,10,CA,Mobile
2544,174,2026-01-18 12:53:00,Card Purchase,Out,4013.13,US,Automated
1302,88,2026-01-18 14:49:00,ACH Credit,In,839.64,US,Automated
3416,235,2026-01-18 15:15:00,Cash Withdrawal,Out,3199.62,US,Mobile
1253,86,2026-01-18 15:17:00,ACH Credit,In,907.25,US,Automated
2622,178,2026-01-18 16:48:00,Wire In,In,1441.77,US,Automated
3590,246,2026-01-18 18:24:00,Cash Withdrawal,Out,10,US,Web
3422,236,2026-01-18 20:16:00,Wire Out,Out,1512.18,US,Mobile
1901,128,2026-01-18 20:58:00,Card Purchase,Out,1390.09,CA,Web
2610,178,2026-01-19 00:16:00,Card Purchase,Out,10,US,Web
1389,94,2026-01-19 00:23:00,Card Purchase,Out,3546.14,US,Web
2747,187,2026-01-19 02:29:00,Wire Out,Out,1473.54,US,Branch
2435,166,2026-01-19 02:44:00,ACH Credit,In,4195.83,US,Mobile
2188,148,2026-01-19 03:16:00,Card Purchase,Out,1220.01,US,Web
2643,179,2026-01-19 04:51:00,Wire Out,Out,3630.06,MX,Automated
3259,224,2026-01-19 05:09:00,Cash Deposit,In,2627.44,MX,Branch
1086,75,2026-01-19 06:05:00,Cash Withdrawal,Out,9077.22,US,Branch
2762,189,2026-01-19 06:33:00,ACH Debit,Out,3444.35,US,Automated
766,55,2026-01-19 08:11:00,ACH Credit,In,231.55,US,Web
1650,110,2026-01-19 08:25:00,Cash Deposit,In,3333.95,US,Branch
1001,70,2026-01-19 09:43:00,ACH Credit,In,804.55,US,Branch
768,55,2026-01-19 09:58:00,Wire In,In,349.45,US,Automated
3172,219,2026-01-19 10:08:00,Wire In,In,1087.45,US,Branch
2240,151,2026-01-19 11:29:00,ACH Debit,Out,3793.29,US,Web
926,65,2026-01-19 11:49:00,Card Purchase,Out,5972.51,US,Web
126,11,2026-01-19 14:00:00,Card Purchase,Out,3527.85,US,Mobile
2862,197,2026-01-19 16:59:00,ACH Credit,In,45.24,US,Web
3144,217,2026-01-19 18:19:00,Cash Deposit,In,3978.77,US,Web
2758,189,2026-01-19 18:51:00,Cash Withdrawal,Out,4379.88,CA,Branch
1592,106,2026-01-19 19:44:00,Card Purchase,Out,161.23,US,Branch
958,68,2026-01-19 19:49:00,Cash Deposit,In,2948.63,SG,Automated
1368,93,2026-01-19 20:30:00,Wire In,In,647.18,US,Automated
789,56,2026-01-19 20:32:00,Cash Withdrawal,Out,60.08,GB,Web
2732,187,2026-01-19 20:41:00,ACH Credit,In,231.44,US,Web
2579,176,2026-01-19 21:31:00,Cash Withdrawal,Out,2231.71,SG,Mobile
2993,205,2026-01-19 22:15:00,Card Purchase,Out,3192.67,CA,Automated
157,13,2026-01-19 22:48:00,Card Purchase,Out,1764.23,DE,Automated
3216,221,2026-01-19 22:50:00,Card Purchase,Out,25.74,US,Branch
582,42,2026-01-19 23:40:00,Card Purchase,Out,3853.75,DE,Web
2436,166,2026-01-20 00:46:00,Cash Withdrawal,Out,10,US,Mobile
3075,212,2026-01-20 02:19:00,Card Purchase,Out,10,US,Automated
1529,103,2026-01-20 03:08:00,ACH Debit,Out,17.02,US,Mobile
3227,222,2026-01-20 03:15:00,Wire In,In,63.57,US,Branch
1173,81,2026-01-20 03:43:00,Cash Withdrawal,Out,34.46,US,Automated
938,66,2026-01-20 03:49:00,Card Purchase,Out,16.53,US,Web
456,33,2026-01-20 04:01:00,Card Purchase,Out,1045.22,CA,Web
427,32,2026-01-20 04:59:00,Wire In,In,10014.42,US,Branch
2628,178,2026-01-20 05:11:00,Card Purchase,Out,2394.01,US,Branch
2563,175,2026-01-20 05:32:00,Wire Out,Out,592.47,US,Branch
2792,192,2026-01-20 08:35:00,ACH Debit,Out,978.48,US,Web
458,34,2026-01-20 08:54:00,Cash Deposit,In,683.64,US,Branch
3556,244,2026-01-20 09:22:00,ACH Credit,In,17625.7,US,Automated
1553,104,2026-01-20 11:58:00,Cash Deposit,In,1196.31,US,Automated
2515,172,2026-01-20 12:29:00,ACH Debit,Out,1314.12,US,Branch
435,32,2026-01-20 13:17:00,Card Purchase,Out,4172.0,SG,Web
2049,137,2026-01-20 16:33:00,Cash Deposit,In,1121.19,US,Mobile
588,43,2026-01-20 16:37:00,Card Purchase,Out,1515.4,US,Mobile
2080,140,2026-01-20 17:04:00,ACH Debit,Out,654.51,US,Automated
1828,122,2026-01-20 17:46:00,ACH Debit,Out,4222.73,US,Branch
326,26,2026-01-20 18:40:00,ACH Debit,Out,46.71,MX,Branch
1376,93,2026-01-20 19:02:00,Cash Withdrawal,Out,2255.42,US,Automated
3637,249,2026-01-20 19:06:00,Cash Deposit,In,13156.49,US,Web
3006,206,2026-01-20 20:08:00,Wire In,In,196.69,MX,Mobile
3296,227,2026-01-20 20:30:00,Wire In,In,4225.53,DE,Automated
1056,73,2026-01-20 21:08:00,ACH Credit,In,8311.56,US,Branch
1920,129,2026-01-20 21:08:00,ACH Debit,Out,1342.35,US,Mobile
2267,153,2026-01-20 21:47:00,ACH Credit,In,20,GB,Automated
3335,231,2026-01-20 22:01:00,Cash Deposit,In,3811.6,US,Web
2785,191,2026-01-20 23:37:00,ACH Debit,Out,3745.78,CA,Automated
122,10,2026-01-20 23:51:00,Card Purchase,Out,1141.59,US,Web
2458,169,2026-01-20 23:57:00,ACH Debit,Out,2837.24,US,Automated
2874,197,2026-01-21 01:31:00,Cash Deposit,In,45.67,MX,Mobile
3310,228,2026-01-21 01:33:00,Cash Deposit,In,3705.25,US,Automated
1356,92,2026-01-21 02:29:00,ACH Credit,In,2674.52,US,Automated
914,65,2026-01-21 03:42:00,Card Purchase,Out,45.34,US,Web
1560,105,2026-01-21 06:07:00,Wire Out,Out,1593.57,US,Web
2597,177,2026-01-21 06:49:00,Card Purchase,Out,349.26,US,Automated
2534,173,2026-01-21 07:36:00,Card Purchase,Out,63.54,US,Branch
2655,180,2026-01-21 07:57:00,Card Purchase,Out,5704.42,US,Automated
1938,131,2026-01-21 08:32:00,Cash Deposit,In,7295.08,US,Mobile
1607,107,2026-01-21 09:24:00,Cash Deposit,In,2088.6,US,Web
3253,223,2026-01-21 10:06:00,Cash Withdrawal,Out,5897.48,US,Automated
3509,242,2026-01-21 14:23:00,ACH Debit,Out,1886.37,SG,Branch
3304,228,2026-01-21 14:42:00,Wire Out,Out,2867.66,US,Automated
1771,118,2026-01-21 15:28:00,Card Purchase,Out,301.02,SG,Web
2164,146,2026-01-21 15:43:00,Wire In,In,495.55,US,Mobile
891,64,2026-01-21 17:13:00,ACH Credit,In,2756.43,US,Web
3177,220,2026-01-21 17:47:00,Card Purchase,Out,231.19,US,Automated
2609,177,2026-01-21 18:51:00,Cash Deposit,In,1947.64,US,Mobile
1709,114,2026-01-21 19:28:00,Wire In,In,7012.17,CA,Web
3578,245,2026-01-21 21:13:00,ACH Debit,Out,2751.96,US,Mobile
2897,198,2026-01-22 01:32:00,Wire Out,Out,4949.87,US,Branch
2506,171,2026-01-22 03:38:00,Card Purchase,Out,10,US,Branch
1774,118,2026-01-22 04:23:00,Cash Deposit,In,20,US,Automated
2321,157,2026-01-22 07:48:00,Wire Out,Out,840.84,US,Automated
1188,82,2026-01-22 09:07:00,Cash Deposit,In,404.24,US,Mobile
219,19,2026-01-22 09:44:00,Cash Withdrawal,Out,874.95,US,Automated
2246,152,2026-01-22 11:39:00,Wire Out,Out,10,US,Branch
3181,220,2026-01-22 11:49:00,Wire Out,Out,300.88,US,Branch
1284,87,2026-01-22 12:26:00,Card Purchase,Out,177.8,US,Mobile
2130,143,2026-01-22 13:44:00,Cash Deposit,In,749.16,US,Branch
765,55,2026-01-22 14:29:00,ACH Credit,In,1018.57,US,Automated
160,13,2026-01-22 14:39:00,ACH Debit,Out,1238.07,US,Automated
1201,83,2026-01-22 17:17:00,ACH Debit,Out,1012.94,US,Mobile
3655,250,2026-01-22 18:56:00,Cash Withdrawal,Out,6881.83,US,Web
397,29,2026-01-22 21:02:00,Card Purchase,Out,59.5,SG,Mobile
3653,250,2026-01-22 23:02:00,ACH Credit,In,15456.86,US,Web
679,49,2026-01-22 23:32:00,Card Purchase,Out,547.97,US,Web
1034,72,2026-01-22 23:34:00,Card Purchase,Out,768.94,US,Branch
2050,138,2026-01-22 23:38:00,ACH Credit,In,8298.17,US,Branch
138,12,2026-01-23 00:05:00,Wire In,In,15793.93,US,Branch
2509,171,2026-01-23 00:10:00,Wire Out,Out,938.79,US,Mobile
1049,73,2026-01-23 01:44:00,Wire Out,Out,4861.34,US,Mobile
3031,208,2026-01-23 02:01:00,Card Purchase,Out,29.44,US,Branch
2109,142,2026-01-23 06:01:00,Cash Deposit,In,3325.85,US,Automated
887,63,2026-01-23 06:04:00,ACH Debit,Out,1127.76,US,Automated
1522,102,2026-01-23 06:17:00,ACH Credit,In,45.0,US,Automated
2627,178,2026-01-23 06:39:00,Cash Withdrawal,Out,7421.93,US,Mobile
615,44,2026-01-23 07:48:00,Card Purchase,Out,721.1,US,Mobile
363,28,2026-01-23 08:31:00,ACH Debit,Out,4001.09,CA,Web
1234,85,2026-01-23 09:28:00,ACH Debit,Out,4309.69,US,Automated
967,68,2026-01-23 10:53:00,ACH Debit,Out,1435.9,US,Branch
2496,171,2026-01-23 12:14:00,Cash Deposit,In,20,SG,Web
3502,241,2026-01-23 12:50:00,ACH Credit,In,5545.66,US,Mobile
1730,115,2026-01-23 13:42:00,Card Purchase,Out,6663.16,DE,Mobile
860,62,2026-01-23 16:28:00,Card Purchase,Out,10,US,Web
1721,114,2026-01-23 17:47:00,Card Purchase,Out,3923.5,US,Automated
1972,133,2026-01-23 18:50:00,Wire Out,Out,894.55,US,Branch
2820,194,2026-01-23 20:25:00,Card Purchase,Out,418.78,US,Web
1821,122,2026-01-23 22:44:00,ACH Debit,Out,4397.63,US,Web
3221,222,2026-01-23 22:56:00,Card Purchase,Out,52.12,US,Automated
1883,126,2026-01-23 23:03:00,Cash Deposit,In,222.79,US,Web
1395,94,2026-01-24 01:49:00,Card Purchase,Out,3615.46,US,Automated
1315,90,2026-01-24 03:10:00,ACH Credit,In,4623.55,US,Automated
2282,154,2026-01-24 03:48:00,Wire Out,Out,378.83,US,Automated
1926,129,2026-01-24 04:18:00,Cash Withdrawal,Out,4204.68,US,Web
997,70,2026-01-24 05:09:00,Card Purchase,Out,326.21,DE,Branch
1231,85,2026-01-24 05:27:00,Cash Deposit,In,1508.33,CA,Branch
3137,217,2026-01-24 10:15:00,Card Purchase,Out,4654.72,US,Mobile
508,37,2026-01-24 11:00:00,ACH Credit,In,8013.88,US,Web
2814,194,2026-01-24 11:06:00,ACH Debit,Out,2367.87,US,Branch
2946,202,2026-01-24 11:45:00,Card Purchase,Out,1676.66,US,Mobile
313,25,2026-01-24 12:45:00,Card Purchase,Out,10,US,Branch
2760,189,2026-01-24 12:58:00,ACH Credit,In,5713.05,US,Mobile
2500,171,2026-01-24 14:24:00,Wire Out,Out,10,US,Branch
1873,125,2026-01-24 16:08:00,ACH Credit,In,2002.87,US,Branch
1971,133,2026-01-24 19:06:00,Card Purchase,Out,79.63,US,Automated
1596,106,2026-01-24 21:06:00,Card Purchase,Out,334.08,US,Web
613,44,2026-01-24 21:35:00,ACH Debit,Out,84.05,US,Mobile
2790,191,2026-01-24 21:41:00,ACH Debit,Out,10,US,Web
2331,158,2026-01-24 21:51:00,ACH Debit,Out,383.36,US,Automated
3085,212,2026-01-24 22:09:00,ACH Credit,In,1723.24,US,Mobile
781,56,2026-01-24 22:39:00,ACH Credit,In,39.51,US,Branch
2437,167,2026-01-24 23:07:00,Card Purchase,Out,39.9,US,Mobile
3067,211,2026-01-25 00:37:00,Cash Withdrawal,Out,5518.14,US,Web
711,51,2026-01-25 00:50:00,ACH Credit,In,66.93,US,Web
1007,71,2026-01-25 03:17:00,Card Purchase,Out,8025.67,SG,Automated
3359,232,2026-01-25 04:07:00,Wire In,In,431.08,US,Automated
164,14,2026-01-25 06:26:00,ACH Debit,Out,482.88,US,Branch
1777,119,2026-01-25 08:57:00,Wire Out,Out,1609.18,US,Web
3162,219,2026-01-25 09:08:00,Cash Withdrawal,Out,4570.11,US,Automated
1432,97,2026-01-25 09:35:00,Cash Withdrawal,Out,8448.42,DE,Branch
3487,240,2026-01-25 10:02:00,ACH Debit,Out,1380.32,US,Mobile
12,1,2026-01-25 11:19:00,ACH Credit,In,89.3,US,Branch
1057,74,2026-01-25 12:40:00,Card Purchase,Out,10,GB,Branch
3110,214,2026-01-25 14:51:00,ACH Debit,Out,10,US,Automated
559,40,2026-01-25 15:39:00,ACH Credit,In,20,US,Branch
3019,207,2026-01-25 17:33:00,ACH Debit,Out,722.84,US,Automated
3537,243,2026-01-25 17:43:00,Wire In,In,4364.01,US,Automated
2851,196,2026-01-25 18:22:00,Cash Deposit,In,6025.25,US,Mobile
3647,250,2026-01-25 20:34:00,Card Purchase,Out,2021.76,US,Branch
1450,98,2026-01-25 21:42:00,Wire Out,Out,1275.87,US,Mobile
826,59,2026-01-25 22:20:00,ACH Credit,In,6609.84,US,Mobile
2047,137,2026-01-26 00:24:00,Wire Out,Out,1333.11,US,Branch
529,38,2026-01-26 02:37:00,Wire Out,Out,2024.56,US,Automated
1942,131,2026-01-26 05:45:00,ACH Credit,In,20,US,Web
2696,184,2026-01-26 06:22:00,ACH Debit,Out,1643.0,CA,Branch
720,52,2026-01-26 08:32:00,ACH Debit,Out,1459.84,US,Web
224,19,2026-01-26 08:47:00,Wire In,In,4485.37,US,Web
666,48,2026-01-26 09:30:00,Cash Deposit,In,3049.76,US,Web
2346,159,2026-01-26 09:47:00,ACH Debit,Out,10,US,Web
1929,130,2026-01-26 10:45:00,Card Purchase,Out,763.91,US,Mobile
2475,170,2026-01-26 11:15:00,Wire In,In,7529.04,CA,Automated
2066,139,2026-01-26 11:32:00,ACH Credit,In,2349.99,US,Web
3290,226,2026-01-26 11:51:00,ACH Credit,In,2247.44,US,Branch
2261,153,2026-01-26 12:05:00,Cash Withdrawal,Out,10,US,Mobile
2121,142,2026-01-26 13:39:00,ACH Credit,In,20,US,Web
1361,92,2026-01-26 15:44:00,ACH Debit,Out,666.22,US,Branch
1865,124,2026-01-26 17:02:00,Cash Deposit,In,42.87,US,Web
6,1,2026-01-26 18:03:00,Cash Withdrawal,Out,6160.72,SG,Mobile
2467,169,2026-01-26 20:14:00,Wire Out,Out,4346.38,US,Mobile
858,61,2026-01-26 21:44:00,ACH Credit,In,2065.91,US,Web
214,18,2026-01-26 23:13:00,Wire Out,Out,1113.34,SG,Automated
202,17,2026-01-27 00:57:00,ACH Credit,In,1908.46,US,Web
1429,97,2026-01-27 01:30:00,Card Purchase,Out,8979.1,US,Automated
2698,184,2026-01-27 01:55:00,ACH Credit,In,4779.67,DE,Branch
68,6,2026-01-27 03:27:00,Wire Out,Out,1166.07,GB,Mobile
1658,111,2026-01-27 03:29:00,Card Purchase,Out,4767.18,US,Branch
2236,151,2026-01-27 04:03:00,ACH Debit,Out,3798.52,US,Automated
772,55,2026-01-27 04:37:00,Cash Withdrawal,Out,10,US,Mobile
715,52,2026-01-27 04:55:00,Card Purchase,Out,1056.59,US,Web
1476,100,2026-01-27 06:08:00,Card Purchase,Out,82.4,US,Branch
1843,123,2026-01-27 06:11:00,ACH Credit,In,6270.37,US,Branch
961,68,2026-01-27 06:29:00,Card Purchase,Out,685.87,US,Web
3480,239,2026-01-27 07:38:00,Cash Deposit,In,5939.17,US,Mobile
3611,248,2026-01-27 09:28:00,ACH Credit,In,4797.27,US,Automated
1815,121,2026-01-27 10:12:00,Card Purchase,Out,1262.38,US,Branch
874,62,2026-01-27 10:53:00,Cash Withdrawal,Out,44.49,US,Web
3168,219,2026-01-27 11:21:00,Wire In,In,1413.58,US,Branch
2316,157,2026-01-27 11:50:00,Cash Deposit,In,1677.35,US,Automated
2308,156,2026-01-27 11:55:00,ACH Debit,Out,1949.41,US,Web
3448,237,2026-01-27 16:41:00,Card Purchase,Out,840.42,SG,Web
1983,134,2026-01-28 00:08:00,Cash Deposit,In,1705.87,US,Branch
1857,124,2026-01-28 04:08:00,Cash Withdrawal,Out,15.24,GB,Branch
2354,159,2026-01-28 05:57:00,Cash Withdrawal,Out,247.73,US,Mobile
1767,118,2026-01-28 07:16:00,Cash Withdrawal,Out,645.18,US,Branch
1612,107,2026-01-28 08:45:00,ACH Credit,In,2234.47,US,Branch
1893,127,2026-01-28 13:15:00,Card Purchase,Out,10,GB,Web
2530,173,2026-01-28 13:56:00,Wire Out,Out,32.3,SG,Automated
994,70,2026-01-28 14:18:00,ACH Debit,Out,1746.9,DE,Branch
1047,73,2026-01-28 15:05:00,Card Purchase,Out,2968.79,US,Mobile
3008,206,2026-01-28 16:17:00,Card Purchase,Out,2489.33,US,Branch
537,39,2026-01-28 18:33:00,Cash Deposit,In,3934.32,US,Mobile
3057,210,2026-01-28 18:50:00,Cash Deposit,In,20,US,Web
2399,163,2026-01-28 19:30:00,Wire In,In,276.75,US,Branch
2419,165,2026-01-28 20:16:00,ACH Debit,Out,2634.73,US,Web
3551,244,2026-01-28 20:22:00,Card Purchase,Out,10,US,Mobile
2978,204,2026-01-28 21:36:00,Cash Withdrawal,Out,10,GB,Branch
2748,187,2026-01-28 21:51:00,Cash Deposit,In,2098.72,US,Branch
3475,239,2026-01-28 22:11:00,ACH Credit,In,20,GB,Web
254,21,2026-01-28 22:24:00,Card Purchase,Out,10,US,Mobile
280,22,2026-01-28 22:38:00,Wire Out,Out,1011.29,US,Automated
3395,234,2026-01-29 01:26:00,ACH Credit,In,4012.52,US,Web
3433,236,2026-01-29 02:15:00,Wire In,In,398.62,US,Branch
2730,186,2026-01-29 03:10:00,Wire In,In,2559.69,US,Branch
1029,72,2026-01-29 03:24:00,ACH Credit,In,20,US,Branch
2532,173,2026-01-29 05:28:00,Card Purchase,Out,22.84,US,Web
1578,105,2026-01-29 09:15:00,Cash Withdrawal,Out,10,US,Web
2025,136,2026-01-29 13:12:00,Cash Deposit,In,418.99,US,Branch
153,13,2026-01-29 13:19:00,ACH Debit,Out,10,US,Web
99,8,2026-01-29 15:37:00,ACH Credit,In,1701.76,MX,Automated
2996,205,2026-01-29 17:17:00,Card Purchase,Out,2871.04,US,Web
3345,231,2026-01-29 17:33:00,Card Purchase,Out,2834.51,US,Branch
3605,247,2026-01-29 19:44:00,Card Purchase,Out,12.0,DE,Branch
2770,190,2026-01-29 20:48:00,ACH Credit,In,304.61,MX,Branch
2432,166,2026-01-29 21:05:00,ACH Credit,In,4846.53,CA,Web
2427,165,2026-01-29 23:06:00,Wire In,In,1207.3,US,Mobile
1976,133,2026-01-29 23:26:00,Cash Deposit,In,20,US,Web
597,43,2026-01-30 00:53:00,Card Purchase,Out,5735.21,US,Branch
2062,138,2026-01-30 01:44:00,ACH Debit,Out,2648.5,US,Branch
1500,101,2026-01-30 01:52:00,Cash Deposit,In,20,US,Mobile
494,36,2026-01-30 02:01:00,ACH Debit,Out,2327.36,US,Mobile
2924,200,2026-01-30 04:37:00,Wire Out,Out,10,US,Branch
776,55,2026-01-30 04:43:00,ACH Debit,Out,895.73,US,Web
1772,118,2026-01-30 08:47:00,Card Purchase,Out,813.33,US,Automated
1548,104,2026-01-30 10:13:00,Cash Withdrawal,Out,2223.8,US,Branch
1969,132,2026-01-30 11:13:00,ACH Credit,In,20,US,Automated
1695,113,2026-01-30 11:20:00,Wire In,In,20,US,Mobile
2026,136,2026-01-30 12:30:00,ACH Debit,Out,2068.15,US,Web
1058,74,2026-01-30 13:56:00,ACH Debit,Out,10,US,Branch
1112,77,2026-01-30 14:06:00,Card Purchase,Out,1677.23,US,Mobile
1213,84,2026-01-30 14:30:00,Wire Out,Out,7970.95,GB,Branch
1070,74,2026-01-30 18:29:00,Card Purchase,Out,2581.7,US,Mobile
2734,187,2026-01-30 18:38:00,Card Purchase,Out,3395.87,US,Web
1103,76,2026-01-30 18:40:00,Wire Out,Out,6060.04,US,Automated
600,43,2026-01-30 20:23:00,Card Purchase,Out,2867.09,US,Web
3458,238,2026-01-30 20:23:00,Wire Out,Out,7532.8,US,Branch
2753,188,2026-01-30 20:25:00,ACH Debit,Out,678.37,US,Web
2381,162,2026-01-30 21:04:00,Wire In,In,1473.89,US,Mobile
2124,143,2026-01-30 21:30:00,Cash Deposit,In,1919.9,US,Web
3599,247,2026-01-30 21:31:00,Cash Deposit,In,226.95,US,Automated
3615,248,2026-01-30 21:55:00,Card Purchase,Out,379.65,MX,Web
638,46,2026-01-30 22:20:00,Wire In,In,260.87,SG,Automated
2654,180,2026-01-30 22:22:00,ACH Debit,Out,10,US,Web
451,33,2026-01-30 23:15:00,Cash Withdrawal,Out,1440.11,US,Automated
2385,162,2026-01-30 23:36:00,ACH Debit,Out,410.29,CA,Branch
3660,218,2026-01-31 00:00:00,Wire In,In,12542.54,US,Web
1022,71,2026-01-31 00:14:00,Cash Deposit,In,3395.08,US,Web
3128,216,2026-01-31 01:16:00,Wire Out,Out,10,US,Branch
733,53,2026-01-31 03:40:00,ACH Debit,Out,3908.76,US,Automated
3661,218,2026-01-31 04:00:00,Wire Out,Out,12095.98,SG,Web
522,38,2026-01-31 04:54:00,Wire In,In,2620.26,MX,Web
260,21,2026-01-31 05:06:00,Cash Deposit,In,546.27,US,Branch
1290,88,2026-01-31 08:19:00,Cash Withdrawal,Out,878.09,MX,Branch
3620,249,2026-01-31 08:43:00,Cash Deposit,In,12683.45,US,Branch
3072,211,2026-01-31 09:01:00,Cash Withdrawal,Out,9634.52,US,Branch
1974,133,2026-01-31 09:26:00,Cash Withdrawal,Out,1476.16,US,Automated
2826,195,2026-01-31 09:48:00,ACH Debit,Out,10,US,Automated
1502,101,2026-01-31 12:50:00,Cash Withdrawal,Out,10,US,Branch
2965,203,2026-01-31 13:18:00,Card Purchase,Out,392.45,US,Mobile
2418,165,2026-01-31 13:48:00,Wire In,In,2071.98,US,Automated
3056,210,2026-01-31 14:13:00,Cash Deposit,In,6638.09,US,Mobile
1608,107,2026-01-31 16:27:00,ACH Debit,Out,4175.7,US,Automated
1809,121,2026-01-31 16:33:00,ACH Credit,In,20,US,Branch
1928,130,2026-01-31 22:06:00,Wire In,In,470.48,US,Automated
2663,180,2026-01-31 22:26:00,Cash Withdrawal,Out,92.0,US,Branch
2659,180,2026-02-01 06:33:00,Cash Withdrawal,Out,1353.09,US,Branch
1193,82,2026-02-01 10:30:00,ACH Credit,In,118.11,US,Mobile
1176,81,2026-02-01 11:49:00,Card Purchase,Out,4720.46,MX,Mobile
642,46,2026-02-01 13:04:00,Wire In,In,64.9,US,Mobile
978,69,2026-02-01 13:40:00,ACH Credit,In,1773.81,CA,Branch
2480,170,2026-02-01 15:45:00,ACH Debit,Out,7968.4,US,Web
2907,199,2026-02-01 16:11:00,ACH Debit,Out,2315.66,US,Branch
2818,194,2026-02-01 16:41:00,Card Purchase,Out,437.94,US,Web
623,45,2026-02-01 17:40:00,Card Purchase,Out,7668.83,CA,Mobile
1750,116,2026-02-01 23:48:00,Cash Withdrawal,Out,52.43,CA,Web
953,67,2026-02-01 23:51:00,Cash Withdrawal,Out,2554.05,US,Mobile
2390,162,2026-02-02 00:50:00,ACH Debit,Out,737.12,US,Automated
2717,185,2026-02-02 01:23:00,ACH Credit,In,20,US,Branch
1452,98,2026-02-02 02:21:00,Card Purchase,Out,2746.59,US,Automated
1352,92,2026-02-02 03:30:00,ACH Credit,In,3639.74,SG,Mobile
2285,154,2026-02-02 05:14:00,Card Purchase,Out,290.42,US,Mobile
3246,223,2026-02-02 06:38:00,ACH Debit,Out,3572.6,US,Branch
1932,130,2026-02-02 06:53:00,Wire In,In,4665.03,US,Mobile
1065,74,2026-02-02 06:59:00,Card Purchase,Out,5508.66,US,Branch
2327,158,2026-02-02 07:05:00,Cash Withdrawal,Out,2009.37,US,Mobile
2539,173,2026-02-02 07:08:00,ACH Credit,In,33.39,US,Web
1867,124,2026-02-02 07:49:00,Card Purchase,Out,43.63,US,Mobile
294,23,2026-02-02 12:50:00,Card Purchase,Out,1583.69,US,Branch
268,22,2026-02-02 15:03:00,Card Purchase,Out,2814.87,US,Web
2808,193,2026-02-02 15:45:00,ACH Debit,Out,2681.82,CA,Automated
2617,178,2026-02-02 15:46:00,ACH Debit,Out,2215.95,GB,Automated
1946,131,2026-02-02 15:49:00,Wire In,In,8701.02,US,Automated
247,21,2026-02-02 16:15:00,Cash Withdrawal,Out,10,CA,Automated
2665,180,2026-02-02 17:08:00,ACH Credit,In,20,US,Branch
503,36,2026-02-02 17:57:00,Wire Out,Out,3000.96,US,Web
304,24,2026-02-02 21:43:00,Card Purchase,Out,1955.62,US,Mobile
3287,226,2026-02-02 22:46:00,Card Purchase,Out,2503.89,US,Automated
2064,139,2026-02-02 23:25:00,ACH Debit,Out,645.1,US,Branch
1211,84,2026-02-02 23:26:00,Card Purchase,Out,3196.19,US,Automated
3666,181,2026-02-03 00:00:00,Wire In,In,14022.85,US,Web
526,38,2026-02-03 03:18:00,Cash Withdrawal,Out,10,US,Web
1245,85,2026-02-03 03:29:00,ACH Credit,In,4309.5,US,Web
1701,113,2026-02-03 04:00:00,ACH Credit,In,113.83,US,Web
2680,182,2026-02-03 04:58:00,Card Purchase,Out,1757.12,US,Branch
1801,120,2026-02-03 07:24:00,ACH Credit,In,416.25,MX,Web
2736,187,2026-02-03 09:03:00,ACH Debit,Out,3075.8,US,Branch
1458,99,2026-02-03 10:45:00,Cash Deposit,In,2222.24,US,Mobile
3163,219,2026-02-03 11:05:00,Card Purchase,Out,10,US,Branch
905,64,2026-02-03 12:51:00,Wire Out,Out,1260.49,US,Branch
3667,181,2026-02-03 15:00:00,Wire Out,Out,12812.37,CA,Web
2767,190,2026-02-03 15:20:00,Card Purchase,Out,47.69,US,Automated
1414,95,2026-02-03 16:15:00,Wire In,In,11132.23,US,Branch
185,15,2026-02-03 16:53:00,Cash Deposit,In,20,US,Automated
2535,173,2026-02-03 17:26:00,Card Purchase,Out,10,GB,Web
432,32,2026-02-03 19:49:00,Cash Withdrawal,Out,8730.41,US,Branch
931,66,2026-02-03 20:47:00,Wire Out,Out,39.89,GB,Branch
3236,222,2026-02-03 21:24:00,Card Purchase,Out,10,US,Web
1827,122,2026-02-03 22:36:00,Wire In,In,3066.23,US,Mobile
3507,241,2026-02-04 00:02:00,Card Purchase,Out,2639.15,DE,Mobile
1433,97,2026-02-04 00:42:00,Card Purchase,Out,4886.6,MX,Automated
2990,205,2026-02-04 03:19:00,Cash Withdrawal,Out,3750.7,SG,Branch
3326,229,2026-02-04 04:43:00,Card Purchase,Out,5211.3,US,Web
1221,84,2026-02-04 05:01:00,Card Purchase,Out,7160.43,US,Branch
1194,82,2026-02-04 05:28:00,Wire Out,Out,458.87,US,Web
1991,135,2026-02-04 06:08:00,Wire In,In,5135.6,US,Mobile
2908,199,2026-02-04 06:16:00,Wire In,In,20,US,Mobile
2540,173,2026-02-04 09:34:00,Wire In,In,28.17,MX,Web
3228,222,2026-02-04 09:39:00,ACH Debit,Out,43.49,DE,Mobile
2397,163,2026-02-04 10:36:00,Cash Withdrawal,Out,2681.14,US,Automated
3130,216,2026-02-04 10:56:00,Wire In,In,189.11,CA,Web
1110,76,2026-02-04 11:05:00,Card Purchase,Out,2858.55,US,Mobile
285,23,2026-02-04 11:31:00,Cash Withdrawal,Out,10,US,Mobile
2849,196,2026-02-04 12:34:00,ACH Credit,In,2865.79,US,Automated
2442,167,2026-02-04 13:33:00,ACH Credit,In,20,US,Automated
1083,75,2026-02-04 15:04:00,Wire Out,Out,4945.46,US,Branch
356,27,2026-02-04 16:42:00,Wire In,In,3424.32,US,Automated
1561,105,2026-02-04 18:17:00,ACH Credit,In,3406.81,US,Web
2023,136,2026-02-04 19:10:00,Wire Out,Out,535.41,US,Branch
3588,246,2026-02-04 20:32:00,ACH Debit,Out,4997.21,US,Automated
2199,149,2026-02-04 20:46:00,Card Purchase,Out,153.03,US,Branch
3171,219,2026-02-05 03:03:00,Wire In,In,2444.25,US,Mobile
1277,87,2026-02-05 03:31:00,Wire In,In,148.88,US,Mobile
1765,117,2026-02-05 03:55:00,ACH Debit,Out,547.87,GB,Web
1273,87,2026-02-05 04:59:00,ACH Debit,Out,210.17,US,Branch
2345,159,2026-02-05 08:01:00,Wire In,In,460.18,US,Web
2221,150,2026-02-05 08:37:00,Card Purchase,Out,4186.08,US,Web
1855,124,2026-02-05 09:11:00,Card Purchase,Out,21.49,US,Branch
293,23,2026-02-05 09:24:00,Wire Out,Out,6220.47,US,Mobile
3003,205,2026-02-05 10:49:00,Cash Deposit,In,1616.64,US,Automated
955,67,2026-02-05 11:20:00,Wire Out,Out,2486.14,US,Mobile
3126,216,2026-02-05 12:47:00,Card Purchase,Out,64.12,US,Mobile
1683,112,2026-02-05 16:39:00,ACH Debit,Out,6196.16,US,Automated
539,39,2026-02-05 18:39:00,ACH Debit,Out,1726.98,US,Mobile
23,2,2026-02-05 20:14:00,Wire In,In,67.91,GB,Mobile
1135,79,2026-02-05 20:31:00,Card Purchase,Out,10,US,Web
2367,160,2026-02-05 21:08:00,Cash Deposit,In,520.67,US,Automated
229,19,2026-02-05 21:18:00,ACH Credit,In,334.6,CA,Automated
77,6,2026-02-05 22:14:00,Wire In,In,20,US,Mobile
2053,138,2026-02-05 22:48:00,Card Purchase,Out,2615.06,GB,Branch
103,9,2026-02-06 00:07:00,ACH Credit,In,7618.57,MX,Automated
572,41,2026-02-06 01:11:00,ACH Debit,Out,773.41,US,Web
2699,184,2026-02-06 02:31:00,ACH Debit,Out,10,DE,Branch
147,12,2026-02-06 03:38:00,Card Purchase,Out,4412.48,US,Web
2444,167,2026-02-06 05:51:00,ACH Credit,In,25.27,SG,Automated
1609,107,2026-02-06 07:06:00,Card Purchase,Out,1745.24,US,Branch
2613,178,2026-02-06 08:18:00,Card Purchase,Out,2988.49,CA,Web
3408,235,2026-02-06 08:55:00,Card Purchase,Out,408.54,US,Automated
3322,229,2026-02-06 09:18:00,Card Purchase,Out,2689.61,US,Web
879,63,2026-02-06 09:30:00,ACH Debit,Out,3935.03,US,Automated
250,21,2026-02-06 10:08:00,Wire Out,Out,10,US,Web
184,15,2026-02-06 10:37:00,ACH Debit,Out,10,CA,Mobile
1157,80,2026-02-06 11:45:00,Wire Out,Out,3243.8,US,Web
1346,91,2026-02-06 12:29:00,Card Purchase,Out,3570.79,US,Automated
3532,243,2026-02-06 12:34:00,Cash Withdrawal,Out,1359.27,US,Automated
309,24,2026-02-06 12:47:00,Card Purchase,Out,4303.13,SG,Web
3123,215,2026-02-06 16:01:00,Wire Out,Out,5869.85,US,Web
2158,145,2026-02-06 19:20:00,Card Purchase,Out,1109.64,US,Automated
2392,162,2026-02-06 19:39:00,ACH Credit,In,703.36,US,Branch
1472,99,2026-02-06 20:15:00,Wire In,In,2669.61,US,Web
1336,91,2026-02-06 21:06:00,Card Purchase,Out,4053.55,US,Mobile
3239,223,2026-02-06 21:36:00,Card Purchase,Out,9755.53,US,Mobile
2335,158,2026-02-06 22:09:00,ACH Debit,Out,2038.33,US,Web
1398,94,2026-02-06 22:34:00,ACH Credit,In,2794.56,US,Automated
640,46,2026-02-06 23:59:00,ACH Debit,Out,74.41,US,Web
3711,67,2026-02-07 00:00:00,Wire Out,Out,4762.74,SG,Web
3341,231,2026-02-07 00:18:00,Cash Withdrawal,Out,148.92,US,Mobile
1109,76,2026-02-07 00:40:00,ACH Debit,Out,4315.78,SG,Web
1806,120,2026-02-07 03:30:00,ACH Debit,Out,6374.54,MX,Branch
900,64,2026-02-07 03:39:00,Cash Deposit,In,5998.81,US,Branch
3648,250,2026-02-07 03:57:00,Card Purchase,Out,6849.89,US,Automated
1833,122,2026-02-07 05:43:00,ACH Debit,Out,2149.82,US,Automated
812,58,2026-02-07 06:09:00,Wire In,In,3682.41,US,Mobile
3058,210,2026-02-07 07:11:00,Wire In,In,7182.22,US,Web
2294,155,2026-02-07 08:05:00,ACH Credit,In,2123.78,US,Automated
3256,224,2026-02-07 09:04:00,ACH Debit,Out,186.68,US,Automated
3438,237,2026-02-07 10:50:00,Card Purchase,Out,1467.12,US,Automated
2629,178,2026-02-07 12:03:00,Cash Deposit,In,548.44,US,Web
576,42,2026-02-07 12:27:00,Cash Withdrawal,Out,3475.57,US,Automated
496,36,2026-02-07 12:32:00,Card Purchase,Out,2033.06,SG,Branch
1443,98,2026-02-07 12:32:00,Cash Deposit,In,4083.25,US,Automated
584,42,2026-02-07 12:51:00,Wire In,In,4356.7,US,Branch
3129,216,2026-02-07 13:53:00,Wire In,In,82.54,US,Automated
1745,116,2026-02-07 15:42:00,Wire Out,Out,52.11,US,Web
405,30,2026-02-07 17:46:00,Card Purchase,Out,37.49,GB,Automated
1039,73,2026-02-07 21:22:00,Card Purchase,Out,3268.11,US,Mobile
26,2,2026-02-07 22:34:00,Cash Withdrawal,Out,32.12,US,Branch
399,29,2026-02-07 23:21:00,Cash Deposit,In,20,GB,Web
3712,67,2026-02-08 00:00:00,Wire Out,Out,9641.2,GB,Web
866,62,2026-02-08 00:26:00,Card Purchase,Out,23.73,US,Mobile
205,18,2026-02-08 01:24:00,Wire In,In,1243.1,US,Mobile
695,50,2026-02-08 03:00:00,Cash Deposit,In,44.14,US,Branch
968,68,2026-02-08 03:01:00,ACH Credit,In,3042.63,MX,Mobile
929,66,2026-02-08 04:02:00,Card Purchase,Out,37.18,US,Mobile
2493,170,2026-02-08 05:43:00,Card Purchase,Out,3448.47,US,Web
3468,239,2026-02-08 06:29:00,Card Purchase,Out,4283.11,US,Branch
132,12,2026-02-08 07:12:00,ACH Debit,Out,77.84,US,Web
3184,220,2026-02-08 08:31:00,Card Purchase,Out,329.09,US,Web
2191,149,2026-02-08 11:41:00,Wire In,In,95.84,MX,Web
209,18,2026-02-08 12:57:00,Card Purchase,Out,642.75,US,Web
963,68,2026-02-08 13:30:00,Card Purchase,Out,1300.02,MX,Automated
2602,177,2026-02-08 14:38:00,Cash Deposit,In,1445.27,US,Automated
946,67,2026-02-08 16:17:00,Cash Deposit,In,4870.1,US,Mobile
2196,149,2026-02-08 19:47:00,Card Purchase,Out,3015.24,US,Branch
773,55,2026-02-08 22:11:00,Card Purchase,Out,246.46,US,Branch
2986,204,2026-02-08 23:11:00,Wire Out,Out,1729.89,US,Automated
3398,234,2026-02-08 23:52:00,Wire In,In,2834.45,US,Mobile
3713,67,2026-02-09 00:00:00,Wire Out,Out,6501.01,GB,Web
2835,195,2026-02-09 00:19:00,Cash Deposit,In,20,US,Branch
3029,208,2026-02-09 00:48:00,ACH Debit,Out,34.57,US,Automated
3481,239,2026-02-09 00:53:00,Cash Withdrawal,Out,5613.08,US,Mobile
531,38,2026-02-09 01:37:00,Card Purchase,Out,3397.13,US,Web
2071,139,2026-02-09 02:06:00,ACH Debit,Out,879.16,GB,Automated
306,24,2026-02-09 04:53:00,ACH Credit,In,4059.26,US,Branch
3453,237,2026-02-09 14:25:00,ACH Credit,In,1580.17,US,Web
1737,116,2026-02-09 14:29:00,ACH Debit,Out,25.66,DE,Mobile
500,36,2026-02-09 14:56:00,Card Purchase,Out,3115.68,SG,Web
3444,237,2026-02-09 18:27:00,Cash Withdrawal,Out,1334.77,US,Automated
1225,84,2026-02-09 18:41:00,Card Purchase,Out,92.47,US,Branch
2573,175,2026-02-09 20:07:00,ACH Credit,In,3155.23,US,Mobile
1175,81,2026-02-09 21:24:00,Cash Deposit,In,2719.46,US,Automated
2389,162,2026-02-09 22:16:00,Card Purchase,Out,1332.15,US,Branch
1846,123,2026-02-09 22:58:00,Wire Out,Out,2716.74,US,Automated
2689,183,2026-02-09 23:51:00,Wire Out,Out,984.72,MX,Web
1741,116,2026-02-10 00:00:00,Wire Out,Out,36.4,US,Mobile
1035,72,2026-02-10 00:29:00,ACH Credit,In,3480.25,US,Mobile
3522,242,2026-02-10 00:33:00,Cash Deposit,In,2766.95,GB,Branch
159,13,2026-02-10 01:09:00,ACH Debit,Out,301.8,US,Automated
1261,86,2026-02-10 01:31:00,Wire Out,Out,769.95,US,Web
1470,99,2026-02-10 03:00:00,Wire In,In,5700.0,CA,Web
3597,247,2026-02-10 03:42:00,Card Purchase,Out,208.26,US,Automated
1466,99,2026-02-10 05:16:00,Card Purchase,Out,2545.11,US,Branch
476,35,2026-02-10 06:37:00,Wire Out,Out,1327.12,SG,Mobile
782,56,2026-02-10 08:03:00,Wire In,In,63.47,US,Mobile
1002,70,2026-02-10 11:36:00,Cash Deposit,In,20,MX,Automated
1467,99,2026-02-10 14:11:00,Card Purchase,Out,1704.95,GB,Mobile
971,68,2026-02-10 15:49:00,Wire Out,Out,2460.21,US,Mobile
2309,156,2026-02-10 15:57:00,Cash Deposit,In,20,US,Automated
230,19,2026-02-10 16:17:00,Card Purchase,Out,3756.91,US,Branch
1223,84,2026-02-10 17:26:00,Wire In,In,4352.3,US,Branch
3175,219,2026-02-10 18:05:00,Cash Withdrawal,Out,5314.46,GB,Automated
334,26,2026-02-10 19:29:00,ACH Debit,Out,22.62,MX,Web
3504,241,2026-02-10 19:30:00,ACH Debit,Out,1834.83,US,Web
1171,81,2026-02-10 20:49:00,ACH Credit,In,5438.14,US,Mobile
2806,193,2026-02-10 22:09:00,ACH Credit,In,2671.41,US,Mobile
1575,105,2026-02-10 23:19:00,ACH Credit,In,812.59,US,Automated
2923,200,2026-02-10 23:35:00,Card Purchase,Out,12.84,US,Branch
3559,244,2026-02-11 01:17:00,ACH Credit,In,13877.69,US,Web
1905,128,2026-02-11 01:28:00,Wire In,In,7654.93,US,Mobile
2822,194,2026-02-11 03:11:00,Card Purchase,Out,1861.95,US,Automated
3347,231,2026-02-11 04:36:00,Cash Deposit,In,20,US,Branch
1332,90,2026-02-11 06:12:00,Cash Deposit,In,7122.27,US,Branch
2433,166,2026-02-11 06:40:00,ACH Credit,In,2630.94,US,Branch
3102,213,2026-02-11 11:32:00,ACH Debit,Out,1277.05,US,Branch
871,62,2026-02-11 11:46:00,Card Purchase,Out,10,US,Branch
1249,86,2026-02-11 11:47:00,ACH Debit,Out,736.13,DE,Branch
2205,149,2026-02-11 11:52:00,ACH Credit,In,5697.99,US,Branch
1714,114,2026-02-11 12:22:00,ACH Credit,In,5481.9,US,Automated
2330,158,2026-02-11 16:14:00,ACH Debit,Out,3856.95,SG,Automated
2837,195,2026-02-11 18:15:00,Wire Out,Out,4558.3,US,Branch
571,41,2026-02-11 18:41:00,Wire In,In,12412.25,US,Mobile
1507,102,2026-02-11 18:42:00,Card Purchase,Out,49.01,US,Mobile
885,63,2026-02-11 22:57:00,Cash Deposit,In,1709.24,US,Automated
425,32,2026-02-11 23:44:00,Cash Deposit,In,5840.73,US,Mobile
3148,217,2026-02-12 01:36:00,Card Purchase,Out,4110.19,US,Mobile
22,2,2026-02-12 01:40:00,Wire Out,Out,59.07,CA,Branch
2162,146,2026-02-12 01:59:00,Card Purchase,Out,573.35,GB,Branch
149,13,2026-02-12 02:57:00,Cash Deposit,In,3169.66,US,Branch
1323,90,2026-02-12 03:30:00,ACH Credit,In,4516.22,US,Automated
2922,200,2026-02-12 03:34:00,Card Purchase,Out,69.53,US,Automated
2438,167,2026-02-12 04:35:00,ACH Credit,In,77.13,SG,Automated
3036,208,2026-02-12 04:59:00,Card Purchase,Out,35.44,GB,Web
1930,130,2026-02-12 05:24:00,Cash Deposit,In,3282.31,US,Branch
698,51,2026-02-12 07:32:00,Cash Deposit,In,30.88,US,Web
779,55,2026-02-12 08:03:00,Card Purchase,Out,124.98,US,Automated
1587,106,2026-02-12 11:29:00,ACH Debit,Out,345.69,US,Branch
2028,136,2026-02-12 12:04:00,ACH Credit,In,1385.28,US,Web
3510,242,2026-02-12 12:57:00,Wire Out,Out,3115.59,US,Web
2088,141,2026-02-12 14:24:00,Card Purchase,Out,10,US,Mobile
2401,163,2026-02-12 14:27:00,ACH Credit,In,1335.05,GB,Mobile
1491,100,2026-02-12 14:37:00,Wire In,In,462.3,US,Branch
669,48,2026-02-12 14:44:00,Card Purchase,Out,10287.6,SG,Branch
2800,192,2026-02-12 14:59:00,Cash Deposit,In,1218.05,US,Web
2197,149,2026-02-12 15:35:00,Cash Deposit,In,5497.04,US,Automated
3254,223,2026-02-12 16:03:00,Card Purchase,Out,5110.09,US,Branch
1907,128,2026-02-12 17:07:00,Cash Deposit,In,2217.05,US,Web
1037,72,2026-02-12 17:18:00,Cash Deposit,In,20,US,Automated
1536,103,2026-02-12 18:47:00,ACH Credit,In,20,SG,Mobile
2271,153,2026-02-12 19:16:00,Cash Withdrawal,Out,5472.22,US,Mobile
421,31,2026-02-12 20:33:00,Card Purchase,Out,2572.48,US,Web
281,23,2026-02-12 21:32:00,ACH Credit,In,875.54,US,Automated
2187,148,2026-02-13 00:37:00,Cash Withdrawal,Out,10,US,Web
437,33,2026-02-13 02:36:00,Cash Withdrawal,Out,1112.05,US,Automated
2168,147,2026-02-13 03:48:00,ACH Debit,Out,3264.13,US,Automated
2779,191,2026-02-13 04:55:00,ACH Credit,In,6463.59,US,Mobile
3467,239,2026-02-13 07:37:00,Cash Withdrawal,Out,1852.62,US,Automated
2508,171,2026-02-13 09:49:00,Wire In,In,866.29,US,Web
1015,71,2026-02-13 10:11:00,ACH Credit,In,1093.64,US,Automated
2482,170,2026-02-13 10:59:00,Wire In,In,5264.5,SG,Web
762,55,2026-02-13 11:14:00,Cash Deposit,In,2189.06,US,Web
1738,116,2026-02-13 13:02:00,Card Purchase,Out,10,US,Branch
892,64,2026-02-13 14:17:00,Cash Deposit,In,4341.97,US,Mobile
2,1,2026-02-13 15:07:00,Wire In,In,3539.37,US,Automated
1209,83,2026-02-13 15:52:00,Cash Withdrawal,Out,165.42,GB,Mobile
760,55,2026-02-13 16:17:00,ACH Credit,In,1448.83,US,Automated
3143,217,2026-02-13 17:16:00,Cash Withdrawal,Out,1367.49,US,Web
3025,207,2026-02-13 17:40:00,Card Purchase,Out,10,US,Automated
140,12,2026-02-13 17:57:00,ACH Credit,In,6616.68,US,Automated
2224,151,2026-02-13 18:08:00,ACH Credit,In,6321.12,US,Automated
3388,233,2026-02-13 18:14:00,Cash Withdrawal,Out,2822.22,US,Automated
2870,197,2026-02-13 20:33:00,Wire In,In,20,US,Web
3409,235,2026-02-13 21:57:00,Cash Deposit,In,5990.34,US,Automated
2445,167,2026-02-13 22:44:00,ACH Credit,In,46.08,GB,Web
2454,168,2026-02-13 23:01:00,Card Purchase,Out,2143.95,GB,Branch
1968,132,2026-02-13 23:20:00,ACH Debit,Out,917.93,DE,Automated
1513,102,2026-02-14 01:25:00,Wire Out,Out,34.7,US,Automated
1483,100,2026-02-14 02:38:00,ACH Credit,In,315.39,US,Web
2348,159,2026-02-14 03:35:00,Card Purchase,Out,217.45,US,Web
1666,111,2026-02-14 03:40:00,ACH Credit,In,554.92,US,Mobile
992,70,2026-02-14 06:31:00,Cash Deposit,In,217.2,GB,Automated
2644,179,2026-02-14 08:41:00,ACH Debit,Out,3271.29,US,Mobile
3595,247,2026-02-14 10:03:00,ACH Debit,Out,264.85,US,Web
114,10,2026-02-14 11:15:00,Card Purchase,Out,676.42,US,Branch
3134,216,2026-02-14 12:49:00,ACH Debit,Out,183.3,US,Mobile
1033,72,2026-02-14 12:56:00,Card Purchase,Out,2814.37,US,Branch
1255,86,2026-02-14 13:27:00,Cash Deposit,In,242.93,DE,Web
3116,215,2026-02-14 14:13:00,Card Purchase,Out,1386.54,US,Branch
3262,224,2026-02-14 15:41:00,Cash Deposit,In,1413.9,SG,Mobile
3113,214,2026-02-14 15:53:00,ACH Credit,In,1953.56,US,Web
2111,142,2026-02-14 16:23:00,Cash Deposit,In,2793.11,US,Mobile
1535,103,2026-02-14 16:26:00,Wire In,In,20,US,Web
2448,168,2026-02-14 18:15:00,Card Purchase,Out,10,US,Automated
501,36,2026-02-14 18:16:00,ACH Credit,In,3915.55,US,Branch
3298,227,2026-02-14 21:20:00,ACH Credit,In,20,US,Mobile
483,35,2026-02-15 01:48:00,Cash Deposit,In,2672.25,US,Branch
269,22,2026-02-15 01:52:00,Wire Out,Out,3115.52,US,Branch
1606,107,2026-02-15 02:37:00,ACH Credit,In,3427.85,US,Mobile
3037,208,2026-02-15 03:02:00,ACH Credit,In,20,US,Mobile
2547,174,2026-02-15 04:27:00,ACH Credit,In,9438.09,US,Mobile
533,38,2026-02-15 05:04:00,Card Purchase,Out,3749.2,US,Mobile
3630,249,2026-02-15 05:37:00,Cash Deposit,In,3295.12,US,Mobile
697,50,2026-02-15 06:17:00,Wire In,In,20,US,Branch
2142,145,2026-02-15 06:45:00,Cash Deposit,In,1075.66,US,Automated
2735,187,2026-02-15 07:07:00,Card Purchase,Out,2712.28,US,Web
2289,154,2026-02-15 07:18:00,Card Purchase,Out,166.74,CA,Web
2165,146,2026-02-15 07:58:00,ACH Credit,In,871.01,US,Web
3553,244,2026-02-15 09:16:00,ACH Credit,In,3758.9,MX,Mobile
2351,159,2026-02-15 09:43:00,Cash Deposit,In,33.04,MX,Mobile
2679,182,2026-02-15 12:42:00,Wire Out,Out,1996.32,US,Web
2912,199,2026-02-15 13:23:00,Cash Withdrawal,Out,1135.13,US,Web
1964,132,2026-02-15 15:13:00,Card Purchase,Out,558.77,US,Automated
1233,85,2026-02-15 15:50:00,ACH Debit,Out,3821.52,US,Branch
2452,168,2026-02-15 16:04:00,ACH Credit,In,1904.2,US,Web
775,55,2026-02-15 16:13:00,ACH Debit,Out,562.68,US,Mobile
1981,134,2026-02-15 17:32:00,Cash Deposit,In,2320.21,US,Mobile
2502,171,2026-02-15 17:49:00,ACH Credit,In,782.04,DE,Web
3489,240,2026-02-15 18:13:00,Wire In,In,482.95,US,Automated
851,61,2026-02-15 19:41:00,Card Purchase,Out,88.39,US,Automated
1732,115,2026-02-15 20:51:00,ACH Debit,Out,6459.66,US,Automated
2745,187,2026-02-15 21:24:00,Card Purchase,Out,10,US,Automated
2561,175,2026-02-15 21:51:00,Cash Deposit,In,756.25,US,Automated
2528,173,2026-02-15 22:12:00,Card Purchase,Out,36.86,US,Mobile
2484,170,2026-02-15 23:25:00,Cash Deposit,In,3260.85,US,Mobile
1888,127,2026-02-15 23:36:00,Card Purchase,Out,2938.21,US,Automated
675,48,2026-02-16 00:23:00,Card Purchase,Out,10,US,Branch
39,3,2026-02-16 00:42:00,Cash Withdrawal,Out,4018.68,US,Mobile
2353,159,2026-02-16 01:02:00,Wire Out,Out,272.73,DE,Branch
3450,237,2026-02-16 01:15:00,Card Purchase,Out,1407.69,US,Automated
3437,236,2026-02-16 01:56:00,ACH Debit,Out,2070.15,US,Branch
392,29,2026-02-16 01:57:00,Card Purchase,Out,39.33,US,Web
554,40,2026-02-16 03:01:00,ACH Credit,In,942.01,US,Branch
3593,247,2026-02-16 03:35:00,Wire In,In,137.38,US,Web
868,62,2026-02-16 04:04:00,Wire In,In,20,US,Branch
3446,237,2026-02-16 05:39:00,Cash Deposit,In,20,US,Mobile
1183,82,2026-02-16 05:42:00,ACH Credit,In,241.03,US,Branch
3231,222,2026-02-16 07:04:00,ACH Credit,In,20,US,Web
3613,248,2026-02-16 07:09:00,ACH Credit,In,20,US,Web
2272,153,2026-02-16 07:31:00,ACH Credit,In,4631.79,US,Web
1028,72,2026-02-16 09:29:00,Wire Out,Out,7893.91,US,Automated
1303,89,2026-02-16 09:47:00,Card Purchase,Out,2443.13,US,Automated
1060,74,2026-02-16 10:19:00,Cash Deposit,In,9251.79,US,Web
3514,242,2026-02-16 10:29:00,Card Purchase,Out,3641.26,US,Branch
1276,87,2026-02-16 10:51:00,ACH Credit,In,35.05,US,Automated
2621,178,2026-02-16 11:38:00,ACH Debit,Out,10,MX,Automated
348,27,2026-02-16 17:05:00,Card Purchase,Out,2298.57,US,Automated
547,39,2026-02-16 17:57:00,Card Purchase,Out,3591.23,US,Branch
2991,205,2026-02-16 18:09:00,Wire In,In,2670.94,US,Mobile
2154,145,2026-02-16 18:49:00,Card Purchase,Out,666.37,US,Automated
50,4,2026-02-16 19:38:00,ACH Credit,In,1095.59,US,Automated
2683,182,2026-02-16 20:00:00,Cash Deposit,In,10695.32,US,Mobile
1178,81,2026-02-16 20:01:00,ACH Debit,Out,3932.06,US,Automated
3321,229,2026-02-16 20:37:00,Card Purchase,Out,3269.93,US,Mobile
240,20,2026-02-16 20:47:00,Wire Out,Out,2156.46,US,Automated
2355,159,2026-02-16 21:01:00,Cash Deposit,In,196.09,CA,Automated
359,27,2026-02-16 23:23:00,ACH Credit,In,1980.02,US,Mobile
1105,76,2026-02-17 00:18:00,ACH Credit,In,2925.97,MX,Mobile
1813,121,2026-02-17 02:49:00,Cash Deposit,In,879.01,CA,Web
460,34,2026-02-17 03:54:00,Card Purchase,Out,68.52,US,Automated
3020,207,2026-02-17 04:33:00,Wire In,In,1419.89,US,Web
1021,71,2026-02-17 05:02:00,Card Purchase,Out,3247.77,US,Mobile
3125,216,2026-02-17 05:07:00,ACH Debit,Out,10,US,Web
2270,153,2026-02-17 05:18:00,ACH Credit,In,7509.42,US,Branch
915,65,2026-02-17 07:52:00,ACH Debit,Out,11427.4,DE,Web
1614,107,2026-02-17 07:59:00,Card Purchase,Out,111.36,US,Mobile
1460,99,2026-02-17 09:13:00,Card Purchase,Out,840.36,US,Branch
1310,89,2026-02-17 11:26:00,Card Purchase,Out,5264.58,US,Automated
1890,127,2026-02-17 13:27:00,Card Purchase,Out,1301.01,US,Automated
390,29,2026-02-17 15:39:00,Card Purchase,Out,13.78,US,Web
3609,248,2026-02-17 19:05:00,ACH Credit,In,8632.95,US,Branch
3363,232,2026-02-17 19:50:00,ACH Debit,Out,211.17,US,Web
993,70,2026-02-17 19:56:00,Wire Out,Out,10,US,Web
1353,92,2026-02-17 21:28:00,Card Purchase,Out,989.96,US,Mobile
2122,143,2026-02-17 22:02:00,ACH Debit,Out,803.6,US,Automated
1044,73,2026-02-17 22:31:00,Cash Withdrawal,Out,1559.28,US,Branch
1227,85,2026-02-18 00:55:00,Card Purchase,Out,2680.87,US,Automated
3538,243,2026-02-18 01:21:00,Wire In,In,4153.73,US,Web
2752,188,2026-02-18 01:34:00,Card Purchase,Out,1671.51,US,Web
823,59,2026-02-18 02:29:00,Wire In,In,4573.6,US,Web
2112,142,2026-02-18 04:11:00,Card Purchase,Out,1478.21,US,Branch
3317,229,2026-02-18 04:56:00,Cash Deposit,In,7414.61,DE,Web
1392,94,2026-02-18 05:22:00,Card Purchase,Out,5393.14,US,Automated
464,34,2026-02-18 08:37:00,Cash Withdrawal,Out,1233.47,US,Mobile
728,52,2026-02-18 11:06:00,Cash Withdrawal,Out,3656.72,US,Web
635,46,2026-02-18 11:44:00,Wire In,In,412.14,GB,Web
2349,159,2026-02-18 12:26:00,Cash Withdrawal,Out,227.86,US,Web
2982,204,2026-02-18 14:25:00,Wire In,In,20,US,Web
1199,82,2026-02-18 14:43:00,ACH Debit,Out,435.28,US,Web
2615,178,2026-02-18 15:23:00,Card Purchase,Out,4597.88,GB,Branch
1841,123,2026-02-18 15:28:00,ACH Debit,Out,2957.88,US,Branch
1637,109,2026-02-18 16:31:00,ACH Debit,Out,5137.15,US,Automated
2719,185,2026-02-18 16:49:00,ACH Debit,Out,758.08,US,Web
2256,152,2026-02-18 19:06:00,Card Purchase,Out,1570.36,DE,Automated
2817,194,2026-02-18 19:40:00,Card Purchase,Out,1590.16,US,Mobile
1950,132,2026-02-18 19:46:00,ACH Debit,Out,730.57,SG,Branch
780,55,2026-02-18 20:08:00,ACH Debit,Out,811.38,US,Web
1660,111,2026-02-18 21:17:00,Card Purchase,Out,2402.81,CA,Branch
3490,240,2026-02-18 21:59:00,ACH Credit,In,1677.79,GB,Mobile
3229,222,2026-02-18 23:10:00,Cash Withdrawal,Out,51.06,US,Automated
844,60,2026-02-18 23:36:00,ACH Debit,Out,8680.01,US,Web
1168,81,2026-02-19 00:07:00,Card Purchase,Out,3503.2,US,Mobile
2237,151,2026-02-19 00:08:00,Card Purchase,Out,1537.08,DE,Branch
3436,236,2026-02-19 00:35:00,Wire Out,Out,10,US,Web
1731,115,2026-02-19 01:31:00,ACH Credit,In,8939.08,US,Branch
2131,144,2026-02-19 02:18:00,Cash Withdrawal,Out,5535.37,US,Branch
3046,209,2026-02-19 06:59:00,Card Purchase,Out,814.97,GB,Automated
3369,232,2026-02-19 07:38:00,Cash Deposit,In,20,US,Branch
174,15,2026-02-19 07:46:00,Wire Out,Out,1706.74,GB,Branch
3033,208,2026-02-19 08:10:00,Wire Out,Out,10,CA,Automated
2391,162,2026-02-19 08:19:00,Wire In,In,1371.17,SG,Web
2136,144,2026-02-19 13:41:00,ACH Credit,In,15274.72,CA,Web
3441,237,2026-02-19 16:55:00,ACH Credit,In,1529.42,US,Branch
950,67,2026-02-19 18:56:00,Card Purchase,Out,598.66,SG,Web
3185,220,2026-02-19 19:47:00,Cash Withdrawal,Out,228.43,US,Automated
150,13,2026-02-19 20:06:00,Wire In,In,1061.58,DE,Web
2590,176,2026-02-19 21:07:00,Cash Withdrawal,Out,529.21,US,Mobile
605,44,2026-02-19 22:35:00,Wire Out,Out,1757.44,US,Automated
3082,212,2026-02-20 00:16:00,ACH Credit,In,5068.39,MX,Mobile
2472,169,2026-02-20 03:20:00,Wire In,In,20,MX,Automated
2594,176,2026-02-20 04:53:00,ACH Credit,In,6780.86,US,Mobile
835,60,2026-02-20 05:46:00,ACH Debit,Out,3029.34,US,Web
3319,229,2026-02-20 06:37:00,ACH Credit,In,5559.06,US,Branch
649,47,2026-02-20 08:16:00,Card Purchase,Out,1078.11,DE,Web
2666,181,2026-02-20 11:27:00,ACH Debit,Out,3039.74,US,Branch
2021,136,2026-02-20 13:00:00,ACH Credit,In,2591.14,US,Mobile
1305,89,2026-02-20 17:07:00,Wire In,In,7848.7,US,Mobile
1016,71,2026-02-20 18:43:00,Cash Withdrawal,Out,3912.12,US,Branch
2180,148,2026-02-20 18:43:00,ACH Credit,In,4057.29,US,Mobile
1362,93,2026-02-20 21:35:00,Card Purchase,Out,1111.29,MX,Automated
121,10,2026-02-21 00:08:00,Card Purchase,Out,10,US,Mobile
1073,75,2026-02-21 00:13:00,Cash Withdrawal,Out,6457.08,CA,Automated
1768,118,2026-02-21 01:27:00,ACH Debit,Out,84.24,DE,Branch
1852,124,2026-02-21 04:43:00,ACH Credit,In,20,US,Web
446,33,2026-02-21 04:59:00,Cash Withdrawal,Out,88.67,GB,Automated
1085,75,2026-02-21 07:11:00,Card Purchase,Out,8854.22,US,Automated
3375,233,2026-02-21 08:17:00,Card Purchase,Out,1049.56,US,Automated
612,44,2026-02-21 08:44:00,ACH Credit,In,1926.11,US,Branch
1172,81,2026-02-21 11:42:00,Card Purchase,Out,3943.59,US,Branch
3009,206,2026-02-21 15:30:00,ACH Debit,Out,2245.6,US,Web
2608,177,2026-02-21 16:54:00,ACH Credit,In,1840.52,DE,Web
1759,117,2026-02-21 17:20:00,Card Purchase,Out,267.13,US,Automated
286,23,2026-02-21 17:46:00,Wire Out,Out,7474.46,GB,Automated
1849,124,2026-02-21 19:22:00,ACH Credit,In,36.07,US,Branch
57,5,2026-02-21 19:27:00,ACH Credit,In,1989.99,US,Mobile
517,37,2026-02-21 22:42:00,ACH Credit,In,3287.75,US,Mobile
1696,113,2026-02-22 00:27:00,Card Purchase,Out,111.07,US,Mobile
2473,169,2026-02-22 00:28:00,Wire In,In,3095.04,US,Automated
2011,136,2026-02-22 04:12:00,Card Purchase,Out,1160.75,US,Mobile
394,29,2026-02-22 04:26:00,Card Purchase,Out,52.63,US,Mobile
1031,72,2026-02-22 05:01:00,Cash Withdrawal,Out,8778.82,US,Web
662,48,2026-02-22 05:38:00,Card Purchase,Out,2892.65,US,Branch
1763,117,2026-02-22 09:09:00,Cash Deposit,In,20,US,Web
2690,183,2026-02-22 09:25:00,Card Purchase,Out,1307.0,US,Mobile
175,15,2026-02-22 09:29:00,ACH Credit,In,8119.27,MX,Mobile
3589,246,2026-02-22 10:00:00,Card Purchase,Out,10,US,Branch
1626,108,2026-02-22 10:13:00,ACH Debit,Out,3750.66,US,Mobile
3152,218,2026-02-22 10:29:00,Card Purchase,Out,10,US,Branch
2901,199,2026-02-22 12:28:00,ACH Debit,Out,1816.44,US,Mobile
2396,163,2026-02-22 13:52:00,Card Purchase,Out,1056.05,SG,Mobile
1962,132,2026-02-22 13:54:00,Card Purchase,Out,520.15,US,Web
2192,149,2026-02-22 16:01:00,Cash Deposit,In,7655.03,DE,Branch
108,9,2026-02-22 16:20:00,Wire In,In,3331.67,GB,Web
746,54,2026-02-22 18:16:00,ACH Debit,Out,2645.62,US,Automated
2504,171,2026-02-22 19:09:00,Card Purchase,Out,279.98,US,Web
1438,98,2026-02-22 21:14:00,Cash Deposit,In,1094.63,US,Web
1579,105,2026-02-22 22:14:00,Card Purchase,Out,5413.72,US,Automated
2558,175,2026-02-22 22:26:00,Card Purchase,Out,3712.17,MX,Automated
2265,153,2026-02-22 22:38:00,ACH Debit,Out,1257.46,US,Branch
3602,247,2026-02-22 22:39:00,Card Purchase,Out,21.31,US,Web
3155,218,2026-02-22 22:44:00,Wire In,In,90.0,US,Web
2440,167,2026-02-22 22:54:00,Card Purchase,Out,20.42,CA,Automated
2018,136,2026-02-22 23:29:00,ACH Debit,Out,4113.53,US,Automated
3668,151,2026-02-23 00:00:00,Wire In,In,13544.92,US,Web
3014,206,2026-02-23 03:28:00,Wire In,In,3956.31,US,Branch
2674,181,2026-02-23 04:58:00,Wire In,In,4755.62,CA,Automated
1924,129,2026-02-23 05:57:00,ACH Debit,Out,1140.02,US,Branch
1278,87,2026-02-23 06:45:00,Card Purchase,Out,445.66,DE,Mobile
3302,227,2026-02-23 07:23:00,ACH Debit,Out,150.04,US,Web
696,50,2026-02-23 07:31:00,Card Purchase,Out,50.89,US,Automated
549,39,2026-02-23 07:57:00,Cash Withdrawal,Out,726.51,US,Branch
436,33,2026-02-23 08:50:00,Cash Deposit,In,364.2,US,Mobile
449,33,2026-02-23 12:43:00,Cash Withdrawal,Out,3599.65,US,Branch
2481,170,2026-02-23 13:51:00,Card Purchase,Out,5706.57,US,Automated
1956,132,2026-02-23 16:14:00,Cash Deposit,In,1330.71,US,Mobile
2343,158,2026-02-23 16:40:00,Card Purchase,Out,880.09,US,Mobile
3462,238,2026-02-23 18:37:00,ACH Debit,Out,1181.36,US,Automated
3669,151,2026-02-23 19:00:00,Wire Out,Out,12176.25,CA,Web
2313,157,2026-02-23 20:28:00,Card Purchase,Out,3099.8,US,Automated
2648,179,2026-02-23 20:54:00,Card Purchase,Out,1775.0,US,Branch
3465,238,2026-02-23 21:05:00,Wire Out,Out,3338.26,US,Web
3646,250,2026-02-23 21:33:00,ACH Debit,Out,10,US,Automated
2583,176,2026-02-23 22:08:00,Card Purchase,Out,1033.87,US,Web
2284,154,2026-02-23 23:38:00,ACH Credit,In,65.85,US,Branch
1722,114,2026-02-24 00:45:00,Wire In,In,3337.53,GB,Web
1418,96,2026-02-24 03:53:00,Wire In,In,3085.71,US,Automated
3096,213,2026-02-24 03:55:00,Wire In,In,3319.67,US,Mobile
1327,90,2026-02-24 04:01:00,Wire Out,Out,10,US,Web
989,70,2026-02-24 04:36:00,Wire In,In,828.31,DE,Web
3356,232,2026-02-24 04:39:00,ACH Debit,Out,946.84,US,Web
1312,90,2026-02-24 06:16:00,Cash Deposit,In,5759.52,US,Automated
2902,199,2026-02-24 06:22:00,Wire Out,Out,2291.98,GB,Web
1439,98,2026-02-24 08:06:00,Cash Withdrawal,Out,4773.74,US,Web
1525,103,2026-02-24 08:10:00,Cash Deposit,In,27.7,SG,Branch
2877,197,2026-02-24 09:36:00,Card Purchase,Out,30.17,US,Mobile
2333,158,2026-02-24 10:13:00,Card Purchase,Out,10,CA,Web
604,44,2026-02-24 10:24:00,ACH Debit,Out,814.9,US,Branch
1252,86,2026-02-24 11:11:00,ACH Debit,Out,1692.49,US,Web
3432,236,2026-02-24 12:55:00,ACH Debit,Out,4064.9,US,Automated
1309,89,2026-02-24 14:23:00,ACH Credit,In,2903.57,US,Branch
2067,139,2026-02-24 15:46:00,Cash Deposit,In,1454.42,DE,Mobile
1350,92,2026-02-24 17:33:00,Card Purchase,Out,2998.3,DE,Web
300,24,2026-02-24 18:34:00,Wire Out,Out,2638.5,US,Mobile
2030,136,2026-02-24 19:57:00,Cash Deposit,In,3150.64,US,Web
2787,191,2026-02-24 19:58:00,ACH Debit,Out,5682.62,US,Branch
2938,201,2026-02-24 22:04:00,ACH Debit,Out,10,US,Automated
651,47,2026-02-24 22:10:00,Card Purchase,Out,10,US,Mobile
3091,213,2026-02-25 02:25:00,Card Purchase,Out,5364.4,US,Mobile
3466,239,2026-02-25 02:59:00,ACH Debit,Out,5764.95,US,Mobile
3017,206,2026-02-25 04:22:00,Card Purchase,Out,700.51,US,Mobile
3470,239,2026-02-25 04:37:00,ACH Debit,Out,213.67,US,Branch
1775,118,2026-02-25 05:21:00,Wire Out,Out,897.83,CA,Automated
2772,190,2026-02-25 06:29:00,Card Purchase,Out,240.16,CA,Web
2074,139,2026-02-25 06:45:00,Cash Deposit,In,3234.39,US,Mobile
431,32,2026-02-25 07:23:00,Cash Withdrawal,Out,861.89,US,Branch
278,22,2026-02-25 08:31:00,Card Purchase,Out,2916.17,US,Mobile
3199,221,2026-02-25 09:07:00,Cash Deposit,In,20,US,Mobile
1611,107,2026-02-25 09:22:00,Card Purchase,Out,2897.04,US,Web
2638,179,2026-02-25 10:54:00,Wire Out,Out,3888.1,MX,Mobile
352,27,2026-02-25 12:35:00,Card Purchase,Out,1624.13,US,Automated
3638,249,2026-02-25 13:11:00,Wire In,In,20,SG,Web
1995,135,2026-02-25 14:21:00,ACH Debit,Out,758.45,US,Web
763,55,2026-02-25 15:13:00,Wire Out,Out,279.55,US,Web
3140,217,2026-02-25 16:29:00,Cash Withdrawal,Out,1855.53,US,Branch
1880,126,2026-02-25 16:38:00,Wire Out,Out,455.01,US,Branch
3030,208,2026-02-25 17:05:00,ACH Debit,Out,10,US,Web
2863,197,2026-02-25 17:34:00,Cash Withdrawal,Out,52.99,US,Mobile
3471,239,2026-02-25 18:46:00,Cash Deposit,In,11871.89,US,Branch
3520,242,2026-02-25 19:38:00,Cash Deposit,In,7528.56,US,Automated
1497,101,2026-02-25 20:12:00,Cash Withdrawal,Out,4350.76,US,Web
1118,77,2026-02-25 23:44:00,Card Purchase,Out,634.62,US,Mobile
2373,161,2026-02-26 01:04:00,ACH Debit,Out,49.14,US,Web
1371,93,2026-02-26 01:15:00,ACH Debit,Out,3033.97,US,Branch
1501,101,2026-02-26 01:31:00,ACH Credit,In,7297.28,US,Web
3469,239,2026-02-26 03:06:00,Cash Deposit,In,4734.1,CA,Automated
3528,242,2026-02-26 05:23:00,ACH Credit,In,1181.33,US,Branch
345,26,2026-02-26 10:41:00,ACH Credit,In,23.86,US,Web
646,47,2026-02-26 10:43:00,Cash Withdrawal,Out,359.81,US,Web
2160,146,2026-02-26 12:20:00,Card Purchase,Out,386.31,CA,Automated
1485,100,2026-02-26 13:23:00,Card Purchase,Out,107.06,US,Branch
2439,167,2026-02-26 15:31:00,Card Purchase,Out,10,US,Web
2022,136,2026-02-26 16:07:00,Cash Withdrawal,Out,565.31,MX,Mobile
754,54,2026-02-26 17:41:00,ACH Debit,Out,10,US,Mobile
1408,95,2026-02-26 17:58:00,Wire Out,Out,5148.46,US,Mobile
1075,75,2026-02-26 18:23:00,ACH Credit,In,3050.0,US,Mobile
2279,153,2026-02-26 18:52:00,Wire Out,Out,3280.96,US,Web
1586,106,2026-02-26 18:55:00,Cash Withdrawal,Out,341.12,DE,Web
1621,108,2026-02-26 19:36:00,Cash Deposit,In,1886.27,GB,Automated
1691,113,2026-02-26 19:42:00,Wire Out,Out,282.41,US,Automated
2893,198,2026-02-26 20:19:00,Card Purchase,Out,1528.9,US,Branch
3330,230,2026-02-26 20:50:00,Wire Out,Out,4764.56,US,Web
2967,203,2026-02-27 03:17:00,Cash Deposit,In,454.64,US,Branch
1837,123,2026-02-27 03:33:00,Card Purchase,Out,3866.13,US,Automated
400,30,2026-02-27 03:39:00,Card Purchase,Out,13.71,US,Branch
2258,152,2026-02-27 04:12:00,Card Purchase,Out,622.28,DE,Web
1113,77,2026-02-27 05:37:00,Card Purchase,Out,363.36,US,Web
2198,149,2026-02-27 09:09:00,ACH Credit,In,7453.21,US,Branch
2013,136,2026-02-27 09:35:00,Wire Out,Out,1163.06,DE,Mobile
1406,95,2026-02-27 09:45:00,Wire Out,Out,3669.42,US,Branch
2116,142,2026-02-27 10:18:00,Cash Withdrawal,Out,1014.88,CA,Automated
3051,209,2026-02-27 12:21:00,ACH Credit,In,2776.14,US,Branch
1543,104,2026-02-27 13:39:00,Wire In,In,5198.42,US,Branch
71,6,2026-02-27 15:40:00,Card Purchase,Out,2547.83,CA,Mobile
1511,102,2026-02-27 17:46:00,ACH Credit,In,20,US,Mobile
59,5,2026-02-27 17:55:00,ACH Debit,Out,4694.44,US,Automated
3068,211,2026-02-27 17:57:00,Card Purchase,Out,5561.71,US,Web
3303,227,2026-02-27 18:01:00,Cash Withdrawal,Out,3934.82,US,Branch
3044,208,2026-02-27 18:16:00,Wire In,In,59.69,US,Automated
686,49,2026-02-27 22:44:00,Cash Deposit,In,853.04,MX,Mobile
2378,162,2026-02-28 02:26:00,Card Purchase,Out,661.55,US,Automated
2470,169,2026-02-28 03:01:00,Cash Deposit,In,20,US,Web
1523,102,2026-02-28 04:40:00,ACH Debit,Out,58.69,US,Web
1202,83,2026-02-28 04:51:00,ACH Debit,Out,5312.73,GB,Automated
1699,113,2026-02-28 09:14:00,Wire In,In,171.77,US,Web
2386,162,2026-02-28 09:18:00,Cash Deposit,In,97.5,US,Mobile
3097,213,2026-02-28 13:08:00,Cash Withdrawal,Out,4526.04,US,Branch
1961,132,2026-02-28 14:12:00,Wire Out,Out,281.29,US,Automated
1556,104,2026-02-28 14:23:00,Wire Out,Out,446.55,CA,Branch
2073,139,2026-02-28 14:36:00,Cash Withdrawal,Out,2296.21,US,Mobile
2012,136,2026-02-28 16:28:00,ACH Credit,In,4427.36,US,Branch
658,47,2026-02-28 17:35:00,Card Purchase,Out,1372.14,US,Branch
2069,139,2026-02-28 18:11:00,Cash Withdrawal,Out,1178.55,MX,Mobile
1677,112,2026-02-28 19:36:00,Wire Out,Out,3742.77,US,Web
2170,147,2026-02-28 20:39:00,ACH Credit,In,2391.35,US,Branch
75,6,2026-02-28 21:26:00,Card Purchase,Out,1783.4,US,Automated
444,33,2026-02-28 22:00:00,Card Purchase,Out,3933.25,US,Mobile
497,36,2026-02-28 22:24:00,Cash Deposit,In,573.68,US,Branch
1020,71,2026-02-28 23:05:00,Wire In,In,5685.82,MX,Mobile
3604,247,2026-02-28 23:18:00,Card Purchase,Out,208.79,US,Automated
2834,195,2026-03-01 00:03:00,Wire In,In,3089.94,US,Web
881,63,2026-03-01 00:16:00,Card Purchase,Out,3392.98,US,Automated
1391,94,2026-03-01 01:05:00,Cash Deposit,In,4017.41,US,Automated
1435,97,2026-03-01 05:58:00,Cash Deposit,In,20,US,Branch
131,12,2026-03-01 07:29:00,Cash Deposit,In,16658.25,SG,Branch
1420,96,2026-03-01 08:19:00,Wire Out,Out,430.68,US,Web
3639,249,2026-03-01 08:21:00,ACH Debit,Out,3760.81,US,Mobile
2298,155,2026-03-01 10:09:00,Cash Withdrawal,Out,1286.97,US,Mobile
2782,191,2026-03-01 11:04:00,Card Purchase,Out,10,US,Automated
2582,176,2026-03-01 12:12:00,Cash Deposit,In,1983.08,US,Automated
2976,204,2026-03-01 14:13:00,Card Purchase,Out,903.09,US,Automated
693,50,2026-03-01 14:15:00,ACH Credit,In,22.85,DE,Mobile
1156,80,2026-03-01 14:31:00,Card Purchase,Out,10,CA,Web
966,68,2026-03-01 15:24:00,Cash Deposit,In,1773.59,US,Mobile
3306,228,2026-03-01 15:52:00,ACH Debit,Out,10,US,Mobile
3073,211,2026-03-01 18:57:00,Card Purchase,Out,3208.27,CA,Web
258,21,2026-03-01 20:51:00,Card Purchase,Out,3871.27,US,Automated
1366,93,2026-03-02 00:36:00,Card Purchase,Out,663.32,US,Web
3001,205,2026-03-02 03:52:00,Cash Withdrawal,Out,1768.35,US,Web
1492,101,2026-03-02 03:56:00,Card Purchase,Out,600.28,US,Branch
667,48,2026-03-02 05:45:00,Cash Deposit,In,2121.37,DE,Branch
2014,136,2026-03-02 07:20:00,Card Purchase,Out,3740.36,US,Branch
520,38,2026-03-02 07:45:00,ACH Debit,Out,2194.71,GB,Branch
2959,203,2026-03-02 08:02:00,ACH Debit,Out,158.71,US,Web
2031,137,2026-03-02 08:20:00,ACH Credit,In,2858.47,US,Web
299,24,2026-03-02 08:35:00,Cash Withdrawal,Out,1625.05,US,Web
2598,177,2026-03-02 11:35:00,Card Purchase,Out,1341.74,US,Branch
596,43,2026-03-02 11:48:00,Wire In,In,5661.28,US,Mobile
1877,125,2026-03-02 12:57:00,Card Purchase,Out,6157.09,US,Mobile
2134,144,2026-03-02 13:04:00,Wire In,In,7060.16,US,Automated
1287,88,2026-03-02 13:09:00,Wire Out,Out,120.49,US,Mobile
3460,238,2026-03-02 13:37:00,Wire In,In,5623.35,US,Mobile
1205,83,2026-03-02 13:38:00,ACH Credit,In,1326.07,US,Branch
2489,170,2026-03-02 13:59:00,ACH Debit,Out,10,US,Web
960,68,2026-03-02 14:39:00,ACH Debit,Out,923.07,MX,Mobile
890,64,2026-03-02 14:59:00,Card Purchase,Out,10,US,Branch
2263,153,2026-03-02 15:34:00,ACH Credit,In,6749.7,US,Branch
2460,169,2026-03-02 19:09:00,ACH Credit,In,7743.68,US,Mobile
1400,95,2026-03-02 19:12:00,Wire In,In,8717.51,US,Branch
3558,244,2026-03-02 20:40:00,ACH Credit,In,14299.16,SG,Branch
3100,213,2026-03-02 21:01:00,Card Purchase,Out,3781.78,US,Branch
2830,195,2026-03-02 21:15:00,Cash Withdrawal,Out,2074.48,US,Mobile
2669,181,2026-03-02 21:28:00,Wire In,In,3012.69,US,Branch
188,16,2026-03-03 00:05:00,Wire Out,Out,1731.01,US,Branch
3244,223,2026-03-03 00:12:00,ACH Debit,Out,8550.32,US,Mobile
2794,192,2026-03-03 00:28:00,Wire Out,Out,4130.25,US,Mobile
3440,237,2026-03-03 00:53:00,ACH Debit,Out,1277.47,US,Automated
3094,213,2026-03-03 01:15:00,Card Purchase,Out,10,MX,Automated
1779,119,2026-03-03 04:03:00,ACH Debit,Out,159.28,US,Web
2885,198,2026-03-03 04:10:00,Wire Out,Out,861.7,US,Mobile
3498,241,2026-03-03 08:54:00,Card Purchase,Out,3098.67,US,Automated
423,32,2026-03-03 10:11:00,Card Purchase,Out,10,US,Branch
3060,210,2026-03-03 11:46:00,Cash Deposit,In,6704.99,MX,Branch
3350,232,2026-03-03 20:10:00,Cash Withdrawal,Out,1289.07,US,Web
2565,175,2026-03-03 20:36:00,Card Purchase,Out,2612.22,US,Web
419,31,2026-03-03 20:48:00,Card Purchase,Out,1785.81,US,Automated
514,37,2026-03-03 20:57:00,ACH Credit,In,1844.73,US,Automated
1571,105,2026-03-03 21:25:00,Card Purchase,Out,2010.03,US,Branch
3283,226,2026-03-03 21:33:00,ACH Credit,In,20,DE,Automated
1114,77,2026-03-03 21:58:00,Wire Out,Out,10,US,Automated
2004,135,2026-03-03 22:19:00,Cash Withdrawal,Out,3811.5,US,Mobile
3677,13,2026-03-04 00:00:00,Cash Deposit,In,1893.97,US,Branch
3688,213,2026-03-04 00:00:00,Cash Deposit,In,3015.75,US,Branch
3333,230,2026-03-04 01:47:00,ACH Debit,Out,931.43,US,Branch
3567,245,2026-03-04 02:44:00,ACH Debit,Out,5883.26,US,Branch
2194,149,2026-03-04 05:46:00,ACH Credit,In,7244.81,MX,Branch
3678,13,2026-03-04 06:00:00,Cash Deposit,In,2417.71,US,Branch
3689,213,2026-03-04 06:00:00,Cash Deposit,In,2388.96,US,Branch
1997,135,2026-03-04 06:03:00,Card Purchase,Out,1962.31,US,Mobile
1574,105,2026-03-04 08:14:00,Wire In,In,5239.91,US,Automated
79,7,2026-03-04 08:48:00,ACH Credit,In,8735.09,GB,Mobile
1294,88,2026-03-04 11:15:00,ACH Debit,Out,362.17,US,Branch
3047,209,2026-03-04 11:31:00,Cash Withdrawal,Out,1896.38,US,Web
374,28,2026-03-04 12:00:00,ACH Debit,Out,1487.59,US,Automated
3679,13,2026-03-04 12:00:00,Cash Deposit,In,2544.83,US,Branch
3690,213,2026-03-04 12:00:00,Cash Deposit,In,2114.59,US,Branch
42,3,2026-03-04 14:05:00,Card Purchase,Out,10,US,Branch
3680,13,2026-03-04 18:00:00,Cash Deposit,In,2588.8,US,Branch
3691,213,2026-03-04 18:00:00,Cash Deposit,In,1838.35,US,Branch
2365,160,2026-03-04 20:41:00,ACH Debit,Out,10,US,Automated
3681,13,2026-03-05 00:00:00,Cash Deposit,In,2172.27,US,Branch
3692,213,2026-03-05 00:00:00,Cash Deposit,In,2418.53,US,Branch
984,69,2026-03-05 00:01:00,Cash Deposit,In,2202.72,US,Web
3622,249,2026-03-05 00:16:00,Cash Deposit,In,1708.34,US,Branch
1345,91,2026-03-05 01:36:00,Card Purchase,Out,1489.57,US,Mobile
1957,132,2026-03-05 01:42:00,Wire Out,Out,786.42,US,Web
1627,108,2026-03-05 02:25:00,ACH Debit,Out,2219.9,US,Web
3473,239,2026-03-05 03:18:00,Card Purchase,Out,4373.77,US,Web
3564,245,2026-03-05 04:43:00,ACH Credit,In,6291.29,US,Mobile
1272,87,2026-03-05 07:35:00,Cash Withdrawal,Out,444.7,US,Web
2379,162,2026-03-05 12:11:00,ACH Debit,Out,37.95,US,Web
2556,175,2026-03-05 13:52:00,ACH Credit,In,6576.92,US,Automated
2589,176,2026-03-05 14:01:00,Cash Deposit,In,6249.63,US,Mobile
395,29,2026-03-05 14:20:00,Card Purchase,Out,10,MX,Automated
1399,94,2026-03-05 15:28:00,ACH Debit,Out,9711.58,US,Mobile
2763,189,2026-03-05 16:12:00,Cash Deposit,In,1557.39,US,Branch
3153,218,2026-03-05 16:16:00,Card Purchase,Out,29.41,US,Web
2569,175,2026-03-05 16:58:00,Wire In,In,3980.03,MX,Automated
222,19,2026-03-05 17:04:00,Wire In,In,8049.51,US,Web
380,28,2026-03-05 17:14:00,ACH Debit,Out,792.45,US,Mobile
1594,106,2026-03-05 20:37:00,ACH Debit,Out,572.21,US,Web
3080,212,2026-03-05 22:17:00,Wire Out,Out,1768.88,US,Mobile
2347,159,2026-03-06 01:45:00,ACH Debit,Out,229.8,US,Automated
1713,114,2026-03-06 02:02:00,Card Purchase,Out,7578.72,US,Web
3631,249,2026-03-06 04:45:00,Card Purchase,Out,2940.05,US,Branch
1927,130,2026-03-06 06:17:00,Cash Deposit,In,983.42,MX,Mobile
388,29,2026-03-06 06:51:00,ACH Credit,In,45.21,US,Branch
2322,157,2026-03-06 07:30:00,Cash Withdrawal,Out,1251.02,US,Web
1707,114,2026-03-06 07:52:00,ACH Debit,Out,6511.12,US,Branch
1474,99,2026-03-06 07:59:00,ACH Debit,Out,1987.86,US,Mobile
3188,220,2026-03-06 12:30:00,Wire In,In,252.77,US,Mobile
2823,195,2026-03-06 13:44:00,ACH Credit,In,20,US,Automated
875,63,2026-03-06 15:17:00,ACH Credit,In,676.33,MX,Web
727,52,2026-03-06 17:28:00,ACH Credit,In,461.19,US,Branch
757,54,2026-03-06 18:41:00,Wire In,In,3599.25,GB,Automated
951,67,2026-03-06 18:41:00,ACH Credit,In,82.39,US,Web
904,64,2026-03-06 19:26:00,Cash Withdrawal,Out,6985.06,GB,Mobile
1090,75,2026-03-06 19:52:00,ACH Debit,Out,6096.33,US,Mobile
301,24,2026-03-06 21:22:00,Wire Out,Out,544.38,US,Automated
704,51,2026-03-06 21:27:00,ACH Credit,In,20,GB,Branch
1396,94,2026-03-07 03:01:00,ACH Credit,In,20,US,Web
488,35,2026-03-07 03:18:00,Card Purchase,Out,374.98,US,Branch
1140,79,2026-03-07 07:50:00,ACH Debit,Out,1943.1,GB,Mobile
3194,220,2026-03-07 07:57:00,Card Purchase,Out,10,US,Mobile
371,28,2026-03-07 08:10:00,Wire Out,Out,1321.46,US,Branch
2101,141,2026-03-07 09:14:00,Card Purchase,Out,754.21,DE,Branch
1832,122,2026-03-07 18:17:00,Card Purchase,Out,1549.47,US,Automated
11,1,2026-03-07 18:32:00,Card Purchase,Out,3506.02,GB,Web
2394,163,2026-03-07 20:07:00,ACH Debit,Out,10,US,Automated
510,37,2026-03-07 22:17:00,Wire In,In,1181.28,US,Web
853,61,2026-03-07 23:05:00,Card Purchase,Out,5635.07,US,Branch
1014,71,2026-03-07 23:19:00,Cash Deposit,In,20,MX,Mobile
3641,250,2026-03-07 23:55:00,Wire In,In,1096.91,SG,Mobile
3714,211,2026-03-08 00:00:00,Wire Out,Out,6235.3,SG,Web
3580,245,2026-03-08 02:21:00,Card Purchase,Out,4263.59,US,Mobile
3371,232,2026-03-08 02:32:00,Card Purchase,Out,719.7,US,Automated
918,65,2026-03-08 02:35:00,ACH Credit,In,11236.08,US,Automated
831,60,2026-03-08 03:33:00,Wire Out,Out,290.43,US,Automated
1859,124,2026-03-08 05:42:00,Cash Deposit,In,65.65,US,Mobile
2928,200,2026-03-08 05:43:00,Card Purchase,Out,63.28,US,Mobile
17,1,2026-03-08 08:38:00,Wire In,In,20,SG,Branch
1146,79,2026-03-08 12:11:00,ACH Debit,Out,3105.01,US,Web
839,60,2026-03-08 12:49:00,ACH Debit,Out,2317.9,US,Mobile
1138,79,2026-03-08 14:18:00,Cash Withdrawal,Out,637.87,US,Automated
2631,178,2026-03-08 14:25:00,Cash Withdrawal,Out,1961.16,US,Branch
3190,220,2026-03-08 15:19:00,ACH Debit,Out,10,US,Mobile
3385,233,2026-03-08 15:42:00,Wire Out,Out,1622.97,US,Automated
995,70,2026-03-08 19:19:00,Card Purchase,Out,1821.75,US,Web
2024,136,2026-03-08 19:22:00,Card Purchase,Out,1173.21,US,Automated
2910,199,2026-03-08 20:48:00,Wire Out,Out,1668.69,US,Mobile
1341,91,2026-03-08 22:21:00,Card Purchase,Out,3889.8,US,Mobile
3410,235,2026-03-08 22:47:00,Cash Deposit,In,5007.85,GB,Mobile
3211,221,2026-03-08 22:56:00,Wire Out,Out,21.13,GB,Web
245,21,2026-03-08 23:29:00,Cash Withdrawal,Out,2286.97,US,Branch
3715,211,2026-03-09 00:00:00,Wire Out,Out,5501.62,GB,Web
3727,227,2026-03-09 00:00:00,Wire Out,Out,6359.71,MX,Web
2811,194,2026-03-09 00:12:00,ACH Debit,Out,1877.84,US,Web
442,33,2026-03-09 01:08:00,Card Purchase,Out,2165.18,US,Mobile
1355,92,2026-03-09 01:08:00,ACH Debit,Out,3837.57,US,Web
2642,179,2026-03-09 02:44:00,Wire In,In,6584.67,US,Automated
2529,173,2026-03-09 03:09:00,Card Purchase,Out,34.1,US,Automated
2962,203,2026-03-09 05:05:00,Card Purchase,Out,388.34,US,Mobile
95,8,2026-03-09 05:08:00,Cash Deposit,In,319.26,US,Mobile
3621,249,2026-03-09 06:01:00,Wire Out,Out,9966.86,US,Branch
602,43,2026-03-09 06:10:00,Card Purchase,Out,6587.59,CA,Automated
2985,204,2026-03-09 06:58:00,ACH Debit,Out,637.81,US,Branch
2372,161,2026-03-09 07:56:00,Cash Deposit,In,42.93,US,Mobile
643,46,2026-03-09 08:34:00,Cash Deposit,In,350.92,US,Branch
3557,244,2026-03-09 09:28:00,Cash Deposit,In,2129.2,US,Branch
3430,236,2026-03-09 10:05:00,ACH Credit,In,131.43,US,Branch
408,30,2026-03-09 13:22:00,Card Purchase,Out,10,MX,Automated
2307,156,2026-03-09 13:24:00,Cash Withdrawal,Out,617.41,SG,Web
3488,240,2026-03-09 14:09:00,Wire In,In,1273.6,US,Web
1099,76,2026-03-09 15:53:00,Card Purchase,Out,3833.36,US,Mobile
3515,242,2026-03-09 16:03:00,Wire Out,Out,10,US,Mobile
2173,147,2026-03-09 16:53:00,Wire In,In,20,MX,Automated
1597,106,2026-03-09 19:27:00,Cash Deposit,In,196.19,US,Automated
2611,178,2026-03-09 20:25:00,Wire Out,Out,3346.3,US,Automated
1094,76,2026-03-09 20:34:00,Card Purchase,Out,1052.83,US,Web
540,39,2026-03-09 21:36:00,ACH Credit,In,7713.88,US,Automated
1519,102,2026-03-09 22:08:00,Cash Withdrawal,Out,10,US,Branch
1381,93,2026-03-09 22:25:00,Wire Out,Out,148.88,US,Automated
3133,216,2026-03-09 22:44:00,ACH Debit,Out,10,US,Mobile
2709,185,2026-03-09 23:07:00,Card Purchase,Out,196.91,US,Web
3682,37,2026-03-10 00:00:00,Cash Deposit,In,2578.3,US,Branch
3716,211,2026-03-10 00:00:00,Wire Out,Out,4509.62,GB,Web
3728,227,2026-03-10 00:00:00,Wire Out,Out,6822.78,SG,Web
1496,101,2026-03-10 00:37:00,Card Purchase,Out,5116.86,DE,Web
2672,181,2026-03-10 03:28:00,Wire In,In,3212.05,US,Automated
1800,120,2026-03-10 03:50:00,Wire In,In,11294.93,CA,Branch
1952,132,2026-03-10 04:54:00,ACH Debit,Out,596.49,US,Automated
574,42,2026-03-10 05:15:00,ACH Debit,Out,2837.02,US,Web
3683,37,2026-03-10 06:00:00,Cash Deposit,In,2186.86,US,Branch
3204,221,2026-03-10 09:53:00,ACH Credit,In,22.97,US,Branch
3684,37,2026-03-10 12:00:00,Cash Deposit,In,1847.91,US,Branch
654,47,2026-03-10 12:40:00,Card Purchase,Out,789.67,US,Mobile
342,26,2026-03-10 14:52:00,Wire Out,Out,31.22,US,Branch
3513,242,2026-03-10 16:17:00,Wire In,In,20,US,Automated
3685,37,2026-03-10 18:00:00,Cash Deposit,In,1969.52,US,Branch
440,33,2026-03-10 20:18:00,Cash Withdrawal,Out,1194.29,US,Web
1416,96,2026-03-10 23:02:00,ACH Credit,In,20,US,Mobile
505,37,2026-03-10 23:18:00,Card Purchase,Out,2279.62,MX,Mobile
957,68,2026-03-10 23:24:00,ACH Credit,In,875.76,US,Mobile
3686,37,2026-03-11 00:00:00,Cash Deposit,In,2465.98,US,Branch
3717,211,2026-03-11 00:00:00,Wire Out,Out,6198.22,MX,Web
3729,227,2026-03-11 00:00:00,Wire Out,Out,7441.04,SG,Web
1164,81,2026-03-11 03:16:00,Card Purchase,Out,3352.91,US,Web
1539,103,2026-03-11 03:21:00,Card Purchase,Out,43.92,CA,Automated
1717,114,2026-03-11 03:21:00,ACH Credit,In,3428.97,US,Automated
1526,103,2026-03-11 03:54:00,Card Purchase,Out,10,US,Automated
594,43,2026-03-11 04:05:00,ACH Debit,Out,1463.54,US,Web
2843,196,2026-03-11 04:35:00,ACH Debit,Out,3338.94,US,Web
1642,109,2026-03-11 05:41:00,Wire Out,Out,5523.05,US,Automated
3687,37,2026-03-11 06:00:00,Cash Deposit,In,2050.47,US,Branch
24,2,2026-03-11 08:03:00,ACH Credit,In,49.35,US,Branch
3517,242,2026-03-11 08:20:00,ACH Credit,In,2768.02,SG,Automated
3379,233,2026-03-11 10:35:00,Card Purchase,Out,1673.66,US,Automated
2359,160,2026-03-11 15:27:00,Card Purchase,Out,332.56,US,Branch
45,4,2026-03-11 15:36:00,Wire Out,Out,781.16,CA,Web
372,28,2026-03-11 16:23:00,Wire Out,Out,2297.71,US,Web
1093,76,2026-03-11 16:45:00,Wire Out,Out,2925.6,GB,Mobile
990,70,2026-03-11 16:59:00,ACH Debit,Out,429.78,US,Mobile
3092,213,2026-03-11 19:19:00,ACH Debit,Out,2775.87,US,Automated
641,46,2026-03-11 20:24:00,Cash Withdrawal,Out,112.66,US,Automated
2580,176,2026-03-11 23:19:00,Card Purchase,Out,4737.25,US,Web
2291,155,2026-03-12 00:31:00,Card Purchase,Out,1547.82,US,Branch
2269,153,2026-03-12 02:20:00,ACH Credit,In,2290.48,CA,Web
3045,208,2026-03-12 03:29:00,Card Purchase,Out,48.9,US,Web
585,43,2026-03-12 03:54:00,ACH Debit,Out,2238.15,US,Mobile
985,69,2026-03-12 04:42:00,Card Purchase,Out,451.89,US,Web
793,56,2026-03-12 07:53:00,ACH Debit,Out,10,US,Branch
62,5,2026-03-12 08:55:00,ACH Credit,In,3014.84,US,Branch
1550,104,2026-03-12 09:17:00,Card Purchase,Out,1868.35,US,Web
1185,82,2026-03-12 11:28:00,Wire In,In,651.63,US,Web
3280,226,2026-03-12 12:34:00,Wire Out,Out,2683.8,MX,Automated
3318,229,2026-03-12 13:05:00,Cash Deposit,In,6562.94,US,Branch
1856,124,2026-03-12 13:15:00,ACH Debit,Out,45.65,US,Branch
1577,105,2026-03-12 13:40:00,Card Purchase,Out,2492.11,DE,Mobile
482,35,2026-03-12 14:30:00,Wire In,In,1467.16,US,Branch
1275,87,2026-03-12 14:30:00,ACH Credit,In,367.83,US,Web
3217,222,2026-03-12 14:38:00,Wire In,In,20,US,Branch
1784,119,2026-03-12 14:57:00,Card Purchase,Out,1446.87,US,Branch
2464,169,2026-03-12 15:13:00,Wire Out,Out,4494.61,US,Branch
2000,135,2026-03-12 15:53:00,Wire In,In,894.53,US,Automated
2078,140,2026-03-12 16:04:00,ACH Credit,In,1585.5,US,Automated
590,43,2026-03-12 16:08:00,ACH Debit,Out,10,US,Web
172,14,2026-03-12 16:56:00,Cash Withdrawal,Out,1156.46,US,Branch
2181,148,2026-03-12 18:16:00,Card Purchase,Out,2513.04,US,Web
4,1,2026-03-12 20:23:00,Card Purchase,Out,3977.79,US,Mobile
1792,119,2026-03-12 21:07:00,Cash Deposit,In,219.34,US,Branch
1824,122,2026-03-12 22:28:00,ACH Debit,Out,1943.77,GB,Mobile
2305,156,2026-03-12 23:37:00,Wire In,In,20,US,Automated
2098,141,2026-03-13 00:18:00,Cash Deposit,In,587.05,US,Mobile
748,54,2026-03-13 01:11:00,ACH Debit,Out,2625.92,US,Mobile
2618,178,2026-03-13 01:12:00,ACH Credit,In,5963.44,US,Web
1319,90,2026-03-13 04:03:00,ACH Debit,Out,3676.34,SG,Branch
2733,187,2026-03-13 05:44:00,Card Purchase,Out,3661.86,US,Web
1602,107,2026-03-13 06:23:00,Card Purchase,Out,7240.62,MX,Branch
1554,104,2026-03-13 09:59:00,Card Purchase,Out,303.8,US,Web
864,62,2026-03-13 10:51:00,Wire Out,Out,64.97,US,Automated
350,27,2026-03-13 12:06:00,Card Purchase,Out,10,US,Branch
1764,117,2026-03-13 12:42:00,Cash Deposit,In,375.4,US,Branch
2315,157,2026-03-13 13:06:00,Cash Deposit,In,3093.82,US,Mobile
1780,119,2026-03-13 13:42:00,ACH Credit,In,1571.58,US,Automated
1894,127,2026-03-13 13:45:00,Wire In,In,588.32,US,Branch
2662,180,2026-03-13 14:08:00,Cash Deposit,In,9664.15,US,Automated
2376,161,2026-03-13 14:25:00,Cash Withdrawal,Out,14.28,US,Web
2819,194,2026-03-13 15:07:00,ACH Credit,In,20,US,Mobile
166,14,2026-03-13 17:08:00,Card Purchase,Out,1467.93,US,Mobile
987,70,2026-03-13 17:34:00,Wire In,In,980.59,US,Web
1030,72,2026-03-13 18:41:00,Card Purchase,Out,4850.43,DE,Mobile
305,24,2026-03-13 19:10:00,ACH Credit,In,1986.57,SG,Web
3506,241,2026-03-13 20:46:00,Card Purchase,Out,5832.56,US,Automated
2729,186,2026-03-13 22:55:00,ACH Credit,In,3307.02,US,Automated
1948,131,2026-03-13 23:04:00,Cash Withdrawal,Out,2003.54,US,Mobile
1415,96,2026-03-14 00:11:00,Cash Withdrawal,Out,3594.54,US,Web
3242,223,2026-03-14 00:35:00,Cash Withdrawal,Out,5745.97,US,Web
3131,216,2026-03-14 02:31:00,ACH Credit,In,242.09,US,Branch
2846,196,2026-03-14 03:28:00,Cash Withdrawal,Out,4293.68,US,Automated
1528,103,2026-03-14 03:37:00,Card Purchase,Out,22.89,US,Automated
210,18,2026-03-14 05:05:00,ACH Debit,Out,1857.7,US,Mobile
1308,89,2026-03-14 06:11:00,Card Purchase,Out,10,US,Mobile
2634,179,2026-03-14 06:41:00,Card Purchase,Out,1368.42,US,Web
3552,244,2026-03-14 07:53:00,ACH Credit,In,10256.33,US,Web
3230,222,2026-03-14 08:03:00,Wire In,In,20,US,Automated
1009,71,2026-03-14 08:35:00,Card Purchase,Out,3141.87,US,Automated
1160,80,2026-03-14 08:38:00,ACH Debit,Out,10,CA,Web
2135,144,2026-03-14 08:52:00,ACH Debit,Out,3239.36,US,Web
2201,149,2026-03-14 09:12:00,Cash Withdrawal,Out,8278.04,US,Web
1012,71,2026-03-14 09:17:00,Card Purchase,Out,10,SG,Web
1783,119,2026-03-14 09:44:00,Cash Deposit,In,3415.19,US,Automated
2854,196,2026-03-14 11:18:00,Wire Out,Out,6421.88,US,Automated
3238,223,2026-03-14 11:38:00,ACH Debit,Out,5186.7,US,Branch
1041,73,2026-03-14 13:03:00,Card Purchase,Out,10,US,Mobile
2952,202,2026-03-14 16:30:00,Wire In,In,4342.93,US,Branch
2274,153,2026-03-14 17:29:00,Cash Deposit,In,2732.44,US,Automated
2082,140,2026-03-14 18:52:00,Cash Deposit,In,503.87,GB,Web
3337,231,2026-03-14 19:54:00,Card Purchase,Out,2809.58,US,Mobile
3523,242,2026-03-14 20:54:00,ACH Debit,Out,1898.89,US,Automated
2288,154,2026-03-14 21:24:00,Card Purchase,Out,224.04,US,Mobile
2777,191,2026-03-14 22:15:00,ACH Credit,In,20,MX,Automated
3600,247,2026-03-15 02:18:00,Card Purchase,Out,175.92,US,Mobile
1301,88,2026-03-15 02:55:00,ACH Credit,In,281.35,GB,Mobile
701,51,2026-03-15 03:53:00,Card Purchase,Out,28.21,US,Automated
1268,87,2026-03-15 04:34:00,Card Purchase,Out,428.73,US,Web
1530,103,2026-03-15 05:13:00,ACH Credit,In,49.86,US,Automated
2706,184,2026-03-15 05:35:00,Cash Deposit,In,4881.88,US,Mobile
362,28,2026-03-15 06:06:00,Wire In,In,2471.87,US,Automated
684,49,2026-03-15 07:05:00,Cash Deposit,In,535.07,CA,Branch
3654,250,2026-03-15 10:54:00,ACH Credit,In,11446.46,US,Automated
1985,134,2026-03-15 11:28:00,Card Purchase,Out,800.91,GB,Mobile
979,69,2026-03-15 11:46:00,Cash Withdrawal,Out,2384.16,US,Automated
3040,208,2026-03-15 13:13:00,Card Purchase,Out,32.41,US,Branch
1484,100,2026-03-15 14:20:00,Card Purchase,Out,415.4,US,Automated
1026,72,2026-03-15 15:07:00,ACH Debit,Out,6796.15,US,Automated
2739,187,2026-03-15 19:13:00,Card Purchase,Out,4529.82,US,Branch
1477,100,2026-03-15 19:15:00,Cash Withdrawal,Out,209.55,US,Automated
761,55,2026-03-15 19:37:00,ACH Credit,In,585.72,US,Web
3069,211,2026-03-15 23:06:00,Cash Withdrawal,Out,3167.78,US,Automated
959,68,2026-03-15 23:35:00,ACH Debit,Out,593.2,US,Automated
3377,233,2026-03-16 00:13:00,Cash Deposit,In,1560.93,MX,Web
3086,212,2026-03-16 02:35:00,Wire Out,Out,2903.58,US,Web
817,59,2026-03-16 02:37:00,ACH Debit,Out,2210.52,US,Branch
2951,202,2026-03-16 06:14:00,ACH Debit,Out,3995.27,CA,Mobile
910,65,2026-03-16 06:59:00,Cash Withdrawal,Out,3777.52,US,Web
2852,196,2026-03-16 06:59:00,ACH Debit,Out,1593.46,US,Web
1054,73,2026-03-16 08:30:00,Wire Out,Out,3557.44,US,Automated
1409,95,2026-03-16 09:29:00,ACH Debit,Out,6400.61,US,Mobile
127,11,2026-03-16 11:02:00,Card Purchase,Out,1522.31,US,Mobile
1219,84,2026-03-16 13:31:00,Card Purchase,Out,3264.4,US,Mobile
2048,137,2026-03-16 15:17:00,Card Purchase,Out,1541.53,US,Mobile
1081,75,2026-03-16 16:03:00,Card Purchase,Out,4202.26,US,Mobile
297,23,2026-03-16 16:21:00,Wire In,In,2756.15,US,Automated
187,15,2026-03-16 18:14:00,ACH Debit,Out,6918.6,US,Mobile
2725,186,2026-03-16 19:46:00,Wire Out,Out,10,US,Web
3672,222,2026-03-17 00:00:00,Cash Deposit,In,2629.08,US,Branch
1040,73,2026-03-17 02:08:00,Wire In,In,5254.83,US,Mobile
3342,231,2026-03-17 03:05:00,Card Purchase,Out,3301.43,US,Automated
3652,250,2026-03-17 04:26:00,Card Purchase,Out,3159.62,US,Web
383,29,2026-03-17 05:03:00,Cash Withdrawal,Out,10.32,US,Mobile
163,14,2026-03-17 05:17:00,Cash Deposit,In,20,US,Web
18,1,2026-03-17 06:00:00,ACH Debit,Out,4238.36,US,Branch
3673,222,2026-03-17 06:00:00,Cash Deposit,In,3065.16,US,Branch
1646,110,2026-03-17 06:13:00,ACH Debit,Out,3420.28,US,Mobile
2041,137,2026-03-17 07:17:00,Cash Deposit,In,2384.48,US,Branch
31,3,2026-03-17 07:21:00,Wire In,In,4425.62,US,Branch
273,22,2026-03-17 07:39:00,Cash Withdrawal,Out,10,US,Automated
378,28,2026-03-17 08:39:00,Cash Withdrawal,Out,2624.98,US,Web
1895,127,2026-03-17 10:51:00,ACH Credit,In,1051.19,GB,Mobile
1820,122,2026-03-17 11:38:00,Wire Out,Out,901.91,SG,Web
3674,222,2026-03-17 12:00:00,Cash Deposit,In,2350.56,US,Branch
318,25,2026-03-17 12:06:00,ACH Credit,In,1552.14,US,Mobile
3649,250,2026-03-17 13:43:00,Wire Out,Out,1967.45,US,Mobile
1324,90,2026-03-17 13:57:00,Cash Deposit,In,5232.84,US,Web
3633,249,2026-03-17 15:37:00,Card Purchase,Out,5454.06,US,Automated
2146,145,2026-03-17 16:20:00,Wire Out,Out,1860.28,US,Mobile
1063,74,2026-03-17 16:38:00,Cash Deposit,In,1969.44,US,Mobile
2248,152,2026-03-17 17:52:00,Wire In,In,1317.57,US,Branch
3675,222,2026-03-17 18:00:00,Cash Deposit,In,2142.04,US,Branch
3411,235,2026-03-17 18:40:00,Cash Deposit,In,4392.14,US,Web
1318,90,2026-03-17 19:58:00,Cash Withdrawal,Out,659.13,US,Branch
2756,188,2026-03-17 20:13:00,Cash Deposit,In,20,US,Branch
2428,165,2026-03-17 21:51:00,ACH Debit,Out,1707.69,US,Automated
3098,213,2026-03-17 23:28:00,Cash Withdrawal,Out,2981.62,US,Mobile
48,4,2026-03-17 23:49:00,Card Purchase,Out,1473.33,US,Automated
3656,23,2026-03-18 00:00:00,Wire In,In,10360.9,US,Web
3676,222,2026-03-18 00:00:00,Cash Deposit,In,3165.17,US,Branch
3472,239,2026-03-18 00:28:00,Cash Withdrawal,Out,7776.9,US,Automated
3445,237,2026-03-18 00:59:00,Card Purchase,Out,71.84,US,Mobile
689,50,2026-03-18 08:32:00,Wire Out,Out,10,US,Mobile
769,55,2026-03-18 10:04:00,ACH Credit,In,20,MX,Web
2950,202,2026-03-18 10:11:00,ACH Debit,Out,3112.24,GB,Automated
2319,157,2026-03-18 10:22:00,Card Purchase,Out,330.07,DE,Mobile
3584,246,2026-03-18 11:52:00,Wire In,In,9180.38,US,Branch
490,36,2026-03-18 12:05:00,ACH Debit,Out,3965.51,DE,Web
2961,203,2026-03-18 12:08:00,Wire In,In,276.75,US,Automated
1782,119,2026-03-18 12:21:00,Wire In,In,4165.36,SG,Mobile
2921,200,2026-03-18 13:04:00,ACH Debit,Out,27.96,US,Branch
3657,23,2026-03-18 15:00:00,Wire Out,Out,9549.32,SG,Web
2299,155,2026-03-18 16:11:00,Card Purchase,Out,1919.3,US,Branch
2865,197,2026-03-18 16:31:00,Wire Out,Out,12.39,US,Web
969,68,2026-03-18 17:39:00,ACH Credit,In,20,US,Mobile
420,31,2026-03-18 17:57:00,Card Purchase,Out,158.6,US,Web
3617,248,2026-03-18 19:02:00,Wire In,In,4731.12,US,Mobile
2896,198,2026-03-18 19:55:00,Cash Deposit,In,3362.12,US,Automated
3273,225,2026-03-18 21:03:00,Card Purchase,Out,996.74,GB,Mobile
1331,90,2026-03-19 00:09:00,Card Purchase,Out,438.57,US,Mobile
1377,93,2026-03-19 03:18:00,Cash Deposit,In,3555.74,US,Mobile
2995,205,2026-03-19 03:56:00,Card Purchase,Out,10,US,Web
603,43,2026-03-19 04:07:00,Cash Deposit,In,4711.2,US,Automated
980,69,2026-03-19 04:10:00,Card Purchase,Out,640.17,MX,Automated
3625,249,2026-03-19 05:03:00,Card Purchase,Out,3826.35,US,Branch
1748,116,2026-03-19 05:47:00,Card Purchase,Out,32.64,US,Branch
863,62,2026-03-19 06:33:00,ACH Credit,In,26.95,US,Automated
2421,165,2026-03-19 08:59:00,ACH Credit,In,614.51,US,Web
3368,232,2026-03-19 10:59:00,Card Purchase,Out,10,CA,Mobile
259,21,2026-03-19 12:49:00,Card Purchase,Out,1183.81,US,Automated
1190,82,2026-03-19 13:12:00,Wire In,In,599.87,US,Automated
3247,223,2026-03-19 14:02:00,Cash Withdrawal,Out,11921.97,US,Automated
2310,156,2026-03-19 15:11:00,ACH Debit,Out,3038.68,GB,Automated
3087,212,2026-03-19 15:13:00,Cash Deposit,In,693.49,US,Branch
3016,206,2026-03-19 15:15:00,Card Purchase,Out,3323.94,US,Web
3455,238,2026-03-19 17:33:00,Card Purchase,Out,2690.1,US,Automated
82,7,2026-03-19 18:43:00,Wire Out,Out,110.07,MX,Branch
1461,99,2026-03-19 18:46:00,Cash Withdrawal,Out,1698.04,US,Mobile
639,46,2026-03-19 19:21:00,ACH Debit,Out,200.16,DE,Mobile
2140,145,2026-03-19 20:51:00,Card Purchase,Out,1214.9,US,Automated
1595,106,2026-03-19 21:38:00,Cash Deposit,In,355.69,US,Branch
607,44,2026-03-19 21:39:00,ACH Debit,Out,396.62,US,Automated
3423,236,2026-03-19 23:24:00,Cash Deposit,In,1994.34,US,Branch
3628,249,2026-03-19 23:56:00,Cash Withdrawal,Out,5319.54,US,Web
2249,152,2026-03-20 00:38:00,Wire Out,Out,1312.2,US,Branch
3323,229,2026-03-20 00:54:00,ACH Credit,In,1534.88,US,Mobile
1624,108,2026-03-20 01:28:00,ACH Debit,Out,2922.57,US,Automated
3449,237,2026-03-20 02:06:00,Card Purchase,Out,887.37,US,Mobile
78,6,2026-03-20 04:22:00,ACH Debit,Out,2726.81,US,Branch
190,16,2026-03-20 04:38:00,Wire Out,Out,1534.11,US,Automated
246,21,2026-03-20 08:16:00,ACH Credit,In,7180.74,US,Automated
186,15,2026-03-20 11:13:00,ACH Debit,Out,1972.56,US,Branch
193,16,2026-03-20 11:50:00,Card Purchase,Out,370.46,US,Mobile
1137,79,2026-03-20 14:58:00,ACH Debit,Out,1635.47,US,Branch
1711,114,2026-03-20 15:03:00,Wire In,In,11026.73,US,Branch
1733,115,2026-03-20 15:52:00,ACH Credit,In,5475.35,SG,Automated
1541,104,2026-03-20 16:55:00,Card Purchase,Out,2890.5,DE,Mobile
2989,205,2026-03-20 17:11:00,Wire In,In,3419.66,GB,Automated
3028,207,2026-03-20 17:50:00,Cash Withdrawal,Out,957.46,US,Automated
3495,240,2026-03-20 20:28:00,ACH Debit,Out,601.62,US,Mobile
796,57,2026-03-20 21:15:00,ACH Credit,In,1968.1,MX,Mobile
837,60,2026-03-20 22:20:00,Card Purchase,Out,2258.79,US,Branch
2755,188,2026-03-20 22:28:00,Card Purchase,Out,10,US,Automated
819,59,2026-03-20 22:52:00,Wire In,In,2887.8,US,Automated
1853,124,2026-03-20 23:17:00,Card Purchase,Out,11.0,US,Mobile
664,48,2026-03-20 23:59:00,ACH Credit,In,20,US,Web
2084,140,2026-03-21 00:10:00,ACH Debit,Out,890.6,US,Branch
515,37,2026-03-21 00:31:00,Cash Withdrawal,Out,2554.43,US,Branch
795,57,2026-03-21 00:36:00,Card Purchase,Out,3129.53,US,Branch
1153,80,2026-03-21 01:51:00,Cash Deposit,In,2028.05,US,Automated
801,57,2026-03-21 02:48:00,Cash Deposit,In,20,US,Web
932,66,2026-03-21 03:31:00,Cash Deposit,In,20,US,Web
2612,178,2026-03-21 06:05:00,ACH Debit,Out,10,US,Branch
1640,109,2026-03-21 07:46:00,Cash Withdrawal,Out,4250.44,US,Branch
2226,151,2026-03-21 08:01:00,Cash Deposit,In,3307.14,US,Automated
2903,199,2026-03-21 08:45:00,Card Purchase,Out,2435.42,US,Mobile
1802,120,2026-03-21 09:50:00,Cash Withdrawal,Out,2848.32,US,Web
2867,197,2026-03-21 10:00:00,Card Purchase,Out,10,US,Web
1851,124,2026-03-21 10:24:00,Cash Deposit,In,20,US,Branch
1805,120,2026-03-21 12:05:00,ACH Credit,In,10868.72,MX,Automated
3000,205,2026-03-21 13:37:00,Cash Deposit,In,6706.66,US,Web
1955,132,2026-03-21 14:24:00,Wire Out,Out,10,US,Web
3452,237,2026-03-21 14:44:00,Wire Out,Out,502.03,US,Branch
2614,178,2026-03-21 17:20:00,ACH Debit,Out,7414.37,US,Web
628,45,2026-03-21 17:46:00,Cash Deposit,In,5818.82,US,Web
3154,218,2026-03-21 18:05:00,Cash Deposit,In,61.64,US,Automated
2297,155,2026-03-21 21:06:00,Card Purchase,Out,3397.81,MX,Mobile
1463,99,2026-03-21 22:09:00,Card Purchase,Out,5001.43,US,Branch
2979,204,2026-03-21 22:09:00,ACH Credit,In,1743.4,US,Automated
448,33,2026-03-21 22:29:00,Cash Deposit,In,2279.88,US,Mobile
3623,249,2026-03-21 22:31:00,Cash Withdrawal,Out,1897.31,US,Mobile
2247,152,2026-03-21 22:44:00,ACH Credit,In,437.25,DE,Automated
3340,231,2026-03-22 01:13:00,Wire Out,Out,10,US,Mobile
1794,119,2026-03-22 03:11:00,Card Purchase,Out,771.35,US,Branch
3397,234,2026-03-22 03:19:00,Card Purchase,Out,10,US,Mobile
629,45,2026-03-22 05:59:00,ACH Credit,In,10470.12,US,Branch
756,54,2026-03-22 07:56:00,ACH Credit,In,2302.26,DE,Branch
1401,95,2026-03-22 08:01:00,ACH Debit,Out,4451.86,SG,Automated
2850,196,2026-03-22 08:57:00,Card Purchase,Out,9204.25,US,Mobile
1067,74,2026-03-22 11:53:00,ACH Debit,Out,4056.92,US,Branch
2278,153,2026-03-22 13:45:00,Cash Deposit,In,1190.87,US,Mobile
2453,168,2026-03-22 14:16:00,ACH Debit,Out,1820.84,US,Mobile
1662,111,2026-03-22 15:29:00,Card Purchase,Out,10,US,Mobile
3382,233,2026-03-22 17:04:00,ACH Debit,Out,102.69,MX,Branch
3585,246,2026-03-22 17:11:00,Card Purchase,Out,8825.92,US,Automated
2344,159,2026-03-22 17:57:00,ACH Debit,Out,77.32,US,Automated
2231,151,2026-03-22 20:13:00,ACH Debit,Out,2837.43,US,Mobile
1564,105,2026-03-22 21:01:00,ACH Credit,In,4630.88,GB,Mobile
2215,150,2026-03-22 22:03:00,ACH Credit,In,5227.86,US,Mobile
155,13,2026-03-22 22:37:00,Cash Withdrawal,Out,665.76,US,Mobile
645,47,2026-03-22 23:19:00,Cash Withdrawal,Out,52.2,US,Mobile
412,31,2026-03-22 23:45:00,Card Purchase,Out,381.3,US,Web
3121,215,2026-03-23 01:57:00,Card Purchase,Out,1607.47,US,Branch
3115,215,2026-03-23 02:51:00,Cash Deposit,In,3005.46,US,Automated
221,19,2026-03-23 04:23:00,Wire Out,Out,10,US,Automated
1256,86,2026-03-23 05:38:00,Wire In,In,1086.42,MX,Web
2375,161,2026-03-23 06:10:00,ACH Credit,In,22.22,US,Branch
943,66,2026-03-23 06:32:00,ACH Credit,In,20,US,Automated
1378,93,2026-03-23 06:40:00,Card Purchase,Out,5145.7,DE,Mobile
2110,142,2026-03-23 07:29:00,Wire In,In,1550.54,CA,Branch
2499,171,2026-03-23 07:40:00,ACH Credit,In,1265.65,US,Web
1729,115,2026-03-23 15:22:00,Cash Deposit,In,8053.45,US,Web
3324,229,2026-03-23 17:30:00,Cash Withdrawal,Out,3536.16,US,Mobile
3635,249,2026-03-23 17:31:00,ACH Debit,Out,2273.09,US,Automated
962,68,2026-03-23 19:01:00,ACH Credit,In,765.06,US,Mobile
1822,122,2026-03-23 23:26:00,ACH Debit,Out,5941.58,US,Automated
3724,205,2026-03-24 00:00:00,Wire Out,Out,6173.53,SG,Web
2980,204,2026-03-24 01:58:00,ACH Debit,Out,1766.88,US,Mobile
158,13,2026-03-24 02:43:00,Wire In,In,3411.65,US,Web
151,13,2026-03-24 04:57:00,ACH Credit,In,20,US,Branch
461,34,2026-03-24 06:59:00,Wire Out,Out,203.65,MX,Branch
3561,245,2026-03-24 09:18:00,Wire Out,Out,3508.73,CA,Automated
3541,243,2026-03-24 09:21:00,Card Purchase,Out,10,GB,Web
3596,247,2026-03-24 09:31:00,ACH Credit,In,377.97,US,Branch
552,40,2026-03-24 09:56:00,Card Purchase,Out,260.1,US,Branch
2869,197,2026-03-24 11:36:00,ACH Debit,Out,43.35,US,Automated
573,41,2026-03-24 15:23:00,Wire In,In,6543.27,US,Branch
1708,114,2026-03-24 16:05:00,Cash Deposit,In,20,GB,Automated
1684,112,2026-03-24 17:41:00,Wire In,In,3142.85,US,Automated
235,20,2026-03-24 18:57:00,Card Purchase,Out,2456.69,GB,Automated
2129,143,2026-03-24 19:13:00,ACH Debit,Out,935.53,US,Automated
3002,205,2026-03-24 19:52:00,Cash Withdrawal,Out,650.99,US,Automated
1965,132,2026-03-24 19:58:00,Wire In,In,867.05,US,Automated
3461,238,2026-03-24 20:43:00,ACH Debit,Out,324.43,GB,Branch
3725,205,2026-03-25 00:00:00,Wire Out,Out,5550.13,MX,Web
3651,250,2026-03-25 00:23:00,Card Purchase,Out,3934.54,US,Branch
2764,189,2026-03-25 01:26:00,Cash Withdrawal,Out,565.53,US,Mobile
434,32,2026-03-25 02:35:00,Cash Deposit,In,1391.77,US,Web
382,28,2026-03-25 04:44:00,ACH Debit,Out,10,US,Branch
593,43,2026-03-25 09:31:00,Cash Withdrawal,Out,2306.99,MX,Mobile
364,28,2026-03-25 12:54:00,Cash Withdrawal,Out,1077.23,US,Branch
1681,112,2026-03-25 16:02:00,ACH Debit,Out,4254.71,CA,Mobile
7,1,2026-03-25 17:04:00,Card Purchase,Out,4205.56,US,Branch
622,45,2026-03-25 18:48:00,Wire Out,Out,436.56,US,Automated
1885,126,2026-03-25 20:46:00,Cash Deposit,In,1594.33,US,Branch
3435,236,2026-03-25 20:56:00,Cash Withdrawal,Out,2869.82,US,Mobile
805,58,2026-03-25 21:09:00,Cash Deposit,In,2819.0,US,Mobile
592,43,2026-03-25 21:36:00,Card Purchase,Out,1520.69,US,Web
2356,159,2026-03-25 23:05:00,ACH Credit,In,337.29,US,Automated
3726,205,2026-03-26 00:00:00,Wire Out,Out,5738.34,GB,Web
665,48,2026-03-26 02:35:00,ACH Debit,Out,6590.94,US,Mobile
2200,149,2026-03-26 08:31:00,Wire Out,Out,115.48,MX,Mobile
2393,163,2026-03-26 09:23:00,Cash Deposit,In,1669.34,US,Branch
1898,127,2026-03-26 12:36:00,ACH Debit,Out,10,US,Web
3223,222,2026-03-26 12:53:00,ACH Credit,In,49.25,US,Automated
2235,151,2026-03-26 14:47:00,Wire In,In,2261.31,SG,Mobile
566,41,2026-03-26 16:41:00,Card Purchase,Out,10360.82,US,Mobile
3320,229,2026-03-26 19:39:00,Cash Deposit,In,4749.13,US,Automated
1668,112,2026-03-26 20:55:00,Card Purchase,Out,549.56,US,Branch
1228,85,2026-03-26 21:30:00,ACH Credit,In,4099.16,US,Branch
2889,198,2026-03-26 22:16:00,Card Purchase,Out,3004.56,US,Branch
3662,60,2026-03-27 00:00:00,Wire In,In,14225.88,US,Web
8,1,2026-03-27 00:17:00,ACH Credit,In,1497.3,US,Branch
1134,79,2026-03-27 00:17:00,Card Purchase,Out,2585.8,MX,Mobile
2138,144,2026-03-27 00:49:00,ACH Credit,In,10369.33,US,Mobile
1761,117,2026-03-27 04:42:00,Card Purchase,Out,183.4,US,Branch
1235,85,2026-03-27 04:56:00,Card Purchase,Out,10,US,Automated
595,43,2026-03-27 06:37:00,Card Purchase,Out,3139.81,US,Automated
2842,196,2026-03-27 08:04:00,Card Purchase,Out,10,US,Mobile
807,58,2026-03-27 08:24:00,Card Purchase,Out,10,US,Mobile
46,4,2026-03-27 09:06:00,ACH Debit,Out,2227.68,US,Automated
1498,101,2026-03-27 09:27:00,Cash Withdrawal,Out,858.98,US,Mobile
1456,99,2026-03-27 09:49:00,Card Purchase,Out,3578.79,US,Web
2687,183,2026-03-27 09:56:00,Cash Withdrawal,Out,542.43,US,Web
2304,156,2026-03-27 10:40:00,Cash Deposit,In,294.11,SG,Branch
2944,202,2026-03-27 10:55:00,Card Purchase,Out,4010.42,US,Branch
2042,137,2026-03-27 11:21:00,Wire Out,Out,1090.77,US,Mobile
2152,145,2026-03-27 11:34:00,Card Purchase,Out,1616.71,US,Automated
13,1,2026-03-27 13:22:00,Cash Deposit,In,4324.38,US,Mobile
3543,244,2026-03-27 14:43:00,Cash Withdrawal,Out,943.8,US,Automated
262,22,2026-03-27 14:49:00,Wire Out,Out,3606.21,US,Web
463,34,2026-03-27 17:19:00,Cash Deposit,In,579.73,US,Branch
2252,152,2026-03-27 18:35:00,Card Purchase,Out,813.39,US,Automated
3170,219,2026-03-27 19:02:00,ACH Credit,In,20,SG,Web
3663,60,2026-03-27 20:00:00,Wire Out,Out,13474.63,GB,Web
3332,230,2026-03-27 20:31:00,Cash Withdrawal,Out,3037.48,US,Mobile
1382,93,2026-03-27 21:56:00,Card Purchase,Out,2566.99,US,Mobile
1422,96,2026-03-28 01:24:00,ACH Credit,In,4693.06,GB,Automated
1705,113,2026-03-28 02:43:00,ACH Debit,Out,96.46,US,Automated
3055,209,2026-03-28 03:01:00,ACH Debit,Out,893.84,US,Web
1725,115,2026-03-28 04:52:00,Card Purchase,Out,10056.61,US,Mobile
107,9,2026-03-28 05:27:00,Card Purchase,Out,6448.27,US,Web
3315,229,2026-03-28 07:05:00,Wire Out,Out,10,MX,Mobile
3061,210,2026-03-28 12:31:00,Card Purchase,Out,10,US,Mobile
2424,165,2026-03-28 12:46:00,Cash Withdrawal,Out,3648.62,US,Web
1145,79,2026-03-28 13:07:00,Wire Out,Out,10,US,Mobile
1860,124,2026-03-28 13:51:00,Cash Deposit,In,20,US,Automated
512,37,2026-03-28 14:13:00,Card Purchase,Out,409.99,US,Mobile
3496,240,2026-03-28 15:05:00,ACH Debit,Out,980.98,US,Automated
1664,111,2026-03-28 16:14:00,ACH Debit,Out,8381.4,GB,Branch
977,69,2026-03-28 17:37:00,ACH Credit,In,1493.16,CA,Mobile
690,50,2026-03-28 20:47:00,ACH Credit,In,48.42,US,Branch
1337,91,2026-03-28 22:35:00,Wire Out,Out,1849.57,US,Automated
2607,177,2026-03-29 00:16:00,Card Purchase,Out,288.16,US,Branch
1043,73,2026-03-29 00:43:00,ACH Credit,In,2356.81,US,Branch
2551,174,2026-03-29 04:28:00,Card Purchase,Out,1534.56,MX,Automated
2904,199,2026-03-29 06:04:00,ACH Debit,Out,2437.4,US,Automated
109,9,2026-03-29 06:18:00,Card Purchase,Out,1263.88,US,Branch
92,8,2026-03-29 08:25:00,Cash Deposit,In,1435.31,US,Branch
1990,135,2026-03-29 09:01:00,Cash Deposit,In,732.48,US,Automated
3206,221,2026-03-29 09:56:00,ACH Debit,Out,33.72,US,Web
2057,138,2026-03-29 12:28:00,Wire In,In,5720.09,US,Mobile
850,61,2026-03-29 13:33:00,ACH Credit,In,5396.67,CA,Branch
2878,198,2026-03-29 13:46:00,Wire In,In,9688.81,US,Mobile
608,44,2026-03-29 14:04:00,Card Purchase,Out,10,US,Web
3644,250,2026-03-29 17:05:00,ACH Debit,Out,9323.67,US,Branch
2997,205,2026-03-29 17:11:00,Card Purchase,Out,3271.89,US,Mobile
1694,113,2026-03-29 20:24:00,Cash Deposit,In,20,US,Automated
241,20,2026-03-29 21:26:00,Card Purchase,Out,1670.24,MX,Web
895,64,2026-03-29 22:54:00,Cash Withdrawal,Out,1503.38,US,Mobile
610,44,2026-03-29 23:35:00,Cash Withdrawal,Out,10,US,Web
101,9,2026-03-30 00:38:00,Cash Withdrawal,Out,4552.21,US,Mobile
1357,92,2026-03-30 02:41:00,ACH Debit,Out,3513.98,US,Branch
2337,158,2026-03-30 06:13:00,Wire Out,Out,600.81,CA,Branch
770,55,2026-03-30 07:11:00,ACH Credit,In,856.72,US,Branch
1068,74,2026-03-30 07:42:00,ACH Debit,Out,2368.56,US,Branch
471,34,2026-03-30 08:38:00,ACH Debit,Out,501.69,US,Mobile
133,12,2026-03-30 10:53:00,Card Purchase,Out,1014.82,US,Branch
3636,249,2026-03-30 11:37:00,Wire In,In,2014.15,US,Automated
883,63,2026-03-30 12:38:00,Cash Deposit,In,4748.66,US,Web
201,17,2026-03-30 13:30:00,Cash Deposit,In,2230.99,US,Branch
128,11,2026-03-30 13:38:00,Card Purchase,Out,2116.86,US,Automated
1919,129,2026-03-30 18:35:00,Card Purchase,Out,3775.65,US,Automated
146,12,2026-03-30 19:59:00,Cash Deposit,In,20,US,Web
349,27,2026-03-30 20:12:00,Card Purchase,Out,10,DE,Mobile
1008,71,2026-03-30 21:47:00,ACH Debit,Out,3411.79,US,Mobile
859,61,2026-03-30 23:08:00,ACH Credit,In,8304.35,US,Branch
1618,108,2026-03-31 02:21:00,Card Purchase,Out,2903.46,US,Mobile
2203,149,2026-03-31 02:31:00,Cash Withdrawal,Out,2742.46,DE,Mobile
1836,123,2026-03-31 04:57:00,Cash Deposit,In,5801.07,US,Automated
2407,164,2026-03-31 05:36:00,Card Purchase,Out,5479.03,US,Mobile
1967,132,2026-03-31 06:48:00,Wire Out,Out,972.24,MX,Branch
1781,119,2026-03-31 07:14:00,Cash Withdrawal,Out,1548.81,US,Branch
2841,196,2026-03-31 07:14:00,Card Purchase,Out,5385.32,CA,Automated
1505,101,2026-03-31 07:21:00,Card Purchase,Out,397.25,DE,Automated
29,2,2026-03-31 11:31:00,Cash Deposit,In,26.98,US,Automated
983,69,2026-03-31 12:23:00,Card Purchase,Out,1794.2,US,Branch
1896,127,2026-03-31 14:15:00,Card Purchase,Out,986.67,US,Branch
676,49,2026-03-31 14:31:00,Card Purchase,Out,826.69,US,Automated
2204,149,2026-03-31 16:18:00,Cash Deposit,In,7813.55,US,Web
568,41,2026-03-31 16:23:00,Card Purchase,Out,10191.75,US,Automated
2184,148,2026-03-31 17:28:00,Cash Deposit,In,20,US,Web
36,3,2026-03-31 17:41:00,Card Purchase,Out,5021.43,GB,Web
1703,113,2026-03-31 21:24:00,Cash Deposit,In,200.41,MX,Web
972,68,2026-03-31 22:20:00,ACH Credit,In,3215.94,US,Mobile
2716,185,2026-04-01 04:50:00,ACH Debit,Out,981.61,US,Mobile
3587,246,2026-04-01 07:24:00,Cash Withdrawal,Out,4269.41,US,Branch
1973,133,2026-04-01 07:41:00,Card Purchase,Out,179.48,MX,Automated
680,49,2026-04-01 07:57:00,Wire Out,Out,748.66,US,Automated
3226,222,2026-04-01 09:09:00,Card Purchase,Out,17.58,US,Branch
2426,165,2026-04-01 10:15:00,ACH Credit,In,4286.74,US,Mobile
1195,82,2026-04-01 11:15:00,ACH Credit,In,282.23,US,Branch
1549,104,2026-04-01 12:16:00,ACH Credit,In,8329.56,MX,Mobile
659,47,2026-04-01 15:27:00,Card Purchase,Out,10,US,Automated
1743,116,2026-04-01 18:03:00,Card Purchase,Out,19.21,US,Automated
2880,198,2026-04-01 19:56:00,Wire Out,Out,1994.12,CA,Automated
1264,86,2026-04-01 20:07:00,Card Purchase,Out,538.44,US,Web
2682,182,2026-04-01 21:22:00,ACH Debit,Out,5582.69,US,Automated
2114,142,2026-04-01 22:07:00,ACH Debit,Out,3171.35,US,Mobile
920,65,2026-04-01 23:42:00,Cash Withdrawal,Out,598.73,US,Web
183,15,2026-04-02 01:36:00,Card Purchase,Out,2021.78,US,Branch
3212,221,2026-04-02 01:57:00,Wire Out,Out,10,US,Automated
2847,196,2026-04-02 02:25:00,Card Purchase,Out,340.01,US,Web
1799,120,2026-04-02 03:07:00,Wire Out,Out,7965.14,US,Automated
343,26,2026-04-02 05:00:00,Wire Out,Out,10,US,Automated
3582,246,2026-04-02 05:34:00,Cash Deposit,In,6678.71,US,Web
3447,237,2026-04-02 06:14:00,Wire In,In,1545.73,US,Automated
445,33,2026-04-02 09:19:00,Cash Withdrawal,Out,2229.14,US,Web
1216,84,2026-04-02 10:10:00,Cash Withdrawal,Out,811.12,US,Mobile
2685,182,2026-04-02 11:07:00,Wire In,In,7818.27,US,Web
198,17,2026-04-02 14:17:00,Card Purchase,Out,1480.78,CA,Automated
3650,250,2026-04-02 16:52:00,Cash Deposit,In,6496.18,US,Automated
143,12,2026-04-02 17:30:00,ACH Debit,Out,6834.35,US,Web
1088,75,2026-04-02 18:16:00,ACH Credit,In,20,US,Branch
2405,164,2026-04-02 19:00:00,Cash Withdrawal,Out,5925.44,US,Automated
2029,136,2026-04-02 21:12:00,Card Purchase,Out,4223.78,US,Web
2955,203,2026-04-02 22:22:00,ACH Credit,In,734.5,US,Branch
681,49,2026-04-02 23:52:00,Cash Deposit,In,649.85,US,Mobile
672,48,2026-04-03 04:14:00,Card Purchase,Out,5639.08,US,Mobile
1117,77,2026-04-03 04:49:00,ACH Debit,Out,3907.68,US,Mobile
3267,224,2026-04-03 06:20:00,Card Purchase,Out,1317.23,US,Automated
1719,114,2026-04-03 07:35:00,Cash Deposit,In,910.42,US,Web
861,62,2026-04-03 08:35:00,ACH Credit,In,36.01,US,Mobile
236,20,2026-04-03 08:54:00,Card Purchase,Out,2157.02,US,Automated
3149,218,2026-04-03 09:42:00,ACH Debit,Out,28.55,US,Web
486,35,2026-04-03 11:15:00,ACH Debit,Out,824.82,US,Web
2935,201,2026-04-03 11:30:00,Cash Withdrawal,Out,120.01,US,Web
627,45,2026-04-03 13:12:00,Card Purchase,Out,6761.11,US,Mobile
366,28,2026-04-03 14:15:00,Card Purchase,Out,2470.46,SG,Automated
1493,101,2026-04-03 15:33:00,Cash Deposit,In,4869.9,US,Branch
85,7,2026-04-03 17:09:00,Wire Out,Out,9470.54,US,Web
194,16,2026-04-03 17:25:00,Cash Deposit,In,991.79,US,Branch
2374,161,2026-04-03 20:00:00,Card Purchase,Out,48.76,US,Automated
1481,100,2026-04-03 22:07:00,Card Purchase,Out,297.4,US,Web
1790,119,2026-04-03 23:35:00,ACH Debit,Out,442.06,CA,Mobile
685,49,2026-04-04 00:08:00,Wire Out,Out,10,US,Mobile
1092,75,2026-04-04 00:41:00,Cash Deposit,In,20,US,Automated
2400,163,2026-04-04 01:27:00,Wire Out,Out,842.07,US,Web
2144,145,2026-04-04 03:23:00,ACH Credit,In,2234.28,US,Automated
530,38,2026-04-04 03:52:00,ACH Debit,Out,3827.71,US,Branch
144,12,2026-04-04 04:07:00,Card Purchase,Out,3847.28,US,Mobile
2093,141,2026-04-04 07:41:00,Cash Deposit,In,993.37,US,Mobile
1098,76,2026-04-04 07:50:00,Wire In,In,6628.66,GB,Automated
1755,117,2026-04-04 09:34:00,Wire In,In,683.37,US,Automated
2845,196,2026-04-04 09:38:00,ACH Credit,In,4572.02,US,Automated
1269,87,2026-04-04 10:10:00,Wire In,In,168.32,US,Mobile
3463,238,2026-04-04 12:34:00,ACH Debit,Out,2622.05,US,Mobile
2724,186,2026-04-04 14:14:00,Card Purchase,Out,817.43,US,Web
2046,137,2026-04-04 14:20:00,ACH Credit,In,2826.71,US,Automated
1055,73,2026-04-04 17:53:00,Card Purchase,Out,834.94,US,Mobile
1403,95,2026-04-04 19:50:00,Card Purchase,Out,5549.8,US,Branch
2161,146,2026-04-04 19:51:00,Card Purchase,Out,394.08,US,Automated
3394,234,2026-04-04 20:36:00,Cash Deposit,In,3669.91,US,Web
74,6,2026-04-04 22:05:00,ACH Debit,Out,6864.79,US,Automated
1678,112,2026-04-04 23:06:00,Wire Out,Out,535.28,US,Mobile
1307,89,2026-04-04 23:10:00,Card Purchase,Out,4492.59,US,Automated
3200,221,2026-04-05 00:13:00,Card Purchase,Out,10,DE,Branch
3166,219,2026-04-05 04:24:00,Card Purchase,Out,2638.48,US,Branch
3119,215,2026-04-05 05:37:00,ACH Debit,Out,1475.14,US,Branch
33,3,2026-04-05 06:04:00,Card Purchase,Out,10,SG,Web
1469,99,2026-04-05 06:58:00,Card Purchase,Out,371.95,MX,Automated
3084,212,2026-04-05 07:25:00,Cash Deposit,In,2645.03,US,Automated
2218,150,2026-04-05 11:24:00,Card Purchase,Out,2131.86,US,Automated
3405,234,2026-04-05 11:54:00,Cash Deposit,In,956.58,US,Web
65,6,2026-04-05 15:21:00,Wire Out,Out,3327.0,US,Web
1643,109,2026-04-05 15:37:00,Cash Deposit,In,7749.23,SG,Branch
2584,176,2026-04-05 17:15:00,Card Purchase,Out,3258.68,US,Branch
2947,202,2026-04-05 17:57:00,ACH Debit,Out,1908.85,US,Web
2838,196,2026-04-05 19:50:00,Card Purchase,Out,3167.68,US,Mobile
3178,220,2026-04-05 21:38:00,ACH Debit,Out,178.12,US,Mobile
1317,90,2026-04-06 00:11:00,Card Purchase,Out,4815.55,US,Web
102,9,2026-04-06 00:29:00,Cash Deposit,In,20,US,Automated
1167,81,2026-04-06 01:03:00,Cash Deposit,In,6619.32,US,Automated
1490,100,2026-04-06 01:16:00,Wire In,In,688.41,US,Mobile
2234,151,2026-04-06 02:31:00,Cash Deposit,In,3102.01,GB,Mobile
912,65,2026-04-06 02:41:00,ACH Credit,In,2341.48,US,Automated
800,57,2026-04-06 03:53:00,ACH Credit,In,2698.82,US,Branch
3039,208,2026-04-06 04:12:00,ACH Credit,In,22.7,US,Branch
1582,106,2026-04-06 04:32:00,Card Purchase,Out,392.91,US,Mobile
495,36,2026-04-06 04:51:00,Wire Out,Out,194.14,US,Web
1567,105,2026-04-06 05:08:00,Cash Deposit,In,6874.79,US,Mobile
1863,124,2026-04-06 05:11:00,Cash Deposit,In,32.29,US,Branch
2803,193,2026-04-06 08:33:00,ACH Debit,Out,1929.1,US,Automated
2183,148,2026-04-06 11:00:00,Wire In,In,2977.49,MX,Automated
618,44,2026-04-06 13:10:00,Cash Deposit,In,1115.1,US,Branch
2743,187,2026-04-06 14:43:00,ACH Credit,In,1462.63,MX,Automated
3241,223,2026-04-06 17:01:00,Card Purchase,Out,4480.32,US,Branch
2641,179,2026-04-06 17:04:00,Cash Deposit,In,1518.6,US,Web
548,39,2026-04-06 19:26:00,Card Purchase,Out,489.91,US,Automated
2338,158,2026-04-06 21:34:00,ACH Credit,In,1725.43,US,Automated
2414,165,2026-04-06 22:02:00,Cash Withdrawal,Out,2613.18,SG,Mobile
1217,84,2026-04-06 23:13:00,ACH Debit,Out,8436.35,US,Automated
1024,71,2026-04-06 23:23:00,ACH Credit,In,6153.17,US,Automated
3601,247,2026-04-07 00:20:00,Cash Withdrawal,Out,10,US,Mobile
3277,225,2026-04-07 00:21:00,ACH Credit,In,2094.56,US,Branch
2855,196,2026-04-07 02:14:00,ACH Debit,Out,3676.42,US,Automated
2941,201,2026-04-07 04:19:00,Card Purchase,Out,348.89,CA,Web
2937,201,2026-04-07 05:20:00,Wire Out,Out,1122.22,US,Web
414,31,2026-04-07 05:41:00,Card Purchase,Out,468.21,US,Automated
553,40,2026-04-07 06:44:00,Cash Withdrawal,Out,1815.71,US,Web
1270,87,2026-04-07 07:18:00,ACH Credit,In,680.68,US,Web
1449,98,2026-04-07 07:45:00,Wire Out,Out,3395.18,US,Automated
742,53,2026-04-07 09:04:00,Wire In,In,1367.22,US,Branch
3145,217,2026-04-07 10:23:00,Cash Deposit,In,2316.72,US,Mobile
1728,115,2026-04-07 10:42:00,ACH Credit,In,2427.5,US,Branch
2783,191,2026-04-07 10:48:00,Card Purchase,Out,2408.92,MX,Automated
713,51,2026-04-07 11:05:00,Card Purchase,Out,10,US,Mobile
2640,179,2026-04-07 11:12:00,ACH Credit,In,4991.11,US,Mobile
3043,208,2026-04-07 11:50:00,Cash Withdrawal,Out,14.95,US,Branch
1187,82,2026-04-07 12:33:00,ACH Credit,In,740.68,US,Branch
2166,146,2026-04-07 14:08:00,Card Purchase,Out,813.63,US,Mobile
2128,143,2026-04-07 15:03:00,ACH Credit,In,1633.19,US,Automated
2664,180,2026-04-07 15:03:00,Wire In,In,2611.5,US,Branch
256,21,2026-04-07 15:56:00,Cash Deposit,In,1952.64,US,Branch
3,1,2026-04-07 16:03:00,Cash Deposit,In,347.17,US,Automated
2510,171,2026-04-07 16:10:00,Wire In,In,631.9,US,Mobile
3234,222,2026-04-07 16:41:00,ACH Credit,In,20,US,Web
88,8,2026-04-07 17:36:00,ACH Debit,Out,1501.21,US,Automated
759,54,2026-04-07 19:26:00,ACH Credit,In,20,US,Branch
1338,91,2026-04-07 19:50:00,ACH Debit,Out,2019.73,US,Mobile
2312,156,2026-04-07 20:19:00,ACH Debit,Out,10,US,Mobile
1881,126,2026-04-07 21:22:00,Cash Withdrawal,Out,1647.59,US,Web
563,40,2026-04-07 22:20:00,Cash Withdrawal,Out,3090.35,GB,Branch
2223,151,2026-04-07 23:12:00,ACH Debit,Out,1259.07,GB,Mobile
1520,102,2026-04-08 01:20:00,Cash Withdrawal,Out,27.08,US,Web
2749,188,2026-04-08 01:38:00,Card Purchase,Out,1257.43,SG,Automated
197,17,2026-04-08 05:28:00,Card Purchase,Out,1588.66,US,Web
1970,132,2026-04-08 06:32:00,ACH Credit,In,1142.92,US,Web
3088,212,2026-04-08 07:20:00,Cash Deposit,In,2975.88,US,Web
2244,152,2026-04-08 07:48:00,Card Purchase,Out,10,MX,Branch
2501,171,2026-04-08 13:11:00,Card Purchase,Out,606.53,US,Web
1583,106,2026-04-08 13:30:00,Card Purchase,Out,10,US,Web
360,27,2026-04-08 13:37:00,ACH Debit,Out,2299.99,US,Web
15,1,2026-04-08 14:00:00,Wire In,In,343.15,US,Web
248,21,2026-04-08 16:05:00,Card Purchase,Out,4266.03,US,Automated
2705,184,2026-04-08 17:33:00,Card Purchase,Out,10,US,Mobile
1808,120,2026-04-08 21:26:00,Wire Out,Out,2742.28,US,Mobile
2402,163,2026-04-08 21:27:00,Cash Withdrawal,Out,2240.7,US,Web
2186,148,2026-04-08 21:28:00,Card Purchase,Out,1990.69,US,Mobile
34,3,2026-04-08 22:15:00,Wire In,In,3601.55,GB,Automated
3718,72,2026-04-09 00:00:00,Wire Out,Out,9175.97,MX,Web
716,52,2026-04-09 01:38:00,Cash Deposit,In,700.58,US,Branch
2036,137,2026-04-09 02:59:00,Card Purchase,Out,329.86,US,Automated
822,59,2026-04-09 03:10:00,ACH Credit,In,3524.35,US,Mobile
1848,123,2026-04-09 03:53:00,Wire In,In,793.24,DE,Automated
2339,158,2026-04-09 04:32:00,Cash Withdrawal,Out,4199.4,US,Branch
2741,187,2026-04-09 06:45:00,Wire Out,Out,137.55,US,Mobile
632,45,2026-04-09 06:55:00,Cash Withdrawal,Out,1086.18,US,Branch
1601,107,2026-04-09 08:57:00,ACH Debit,Out,2756.13,US,Branch
1097,76,2026-04-09 09:45:00,ACH Debit,Out,4522.88,US,Branch
2929,201,2026-04-09 11:13:00,Card Purchase,Out,334.09,US,Branch
1267,87,2026-04-09 11:19:00,Wire In,In,340.74,US,Automated
2825,195,2026-04-09 12:58:00,Card Purchase,Out,7391.3,CA,Web
657,47,2026-04-09 14:44:00,Cash Deposit,In,1619.22,US,Branch
1798,120,2026-04-09 14:53:00,ACH Credit,In,5557.64,US,Mobile
3081,212,2026-04-09 15:52:00,Wire Out,Out,2714.21,DE,Automated
2872,197,2026-04-09 16:19:00,ACH Credit,In,20,US,Automated
2917,199,2026-04-09 16:21:00,ACH Debit,Out,2213.88,SG,Automated
872,62,2026-04-09 17:14:00,Wire In,In,42.25,US,Branch
1333,91,2026-04-09 18:15:00,ACH Debit,Out,503.86,US,Web
1329,90,2026-04-09 18:43:00,Wire In,In,5653.61,US,Mobile
477,35,2026-04-09 20:51:00,Wire In,In,2214.49,US,Automated
21,2,2026-04-09 22:46:00,Card Purchase,Out,13.26,MX,Automated
3719,72,2026-04-10 00:00:00,Wire Out,Out,9562.74,MX,Web
586,43,2026-04-10 04:25:00,Card Purchase,Out,2831.29,DE,Web
2230,151,2026-04-10 06:54:00,Cash Deposit,In,2543.64,US,Branch
2070,139,2026-04-10 07:01:00,Wire Out,Out,2708.05,US,Automated
2005,135,2026-04-10 07:35:00,Wire In,In,1463.77,US,Branch
2853,196,2026-04-10 07:40:00,Cash Withdrawal,Out,7787.3,DE,Branch
2254,152,2026-04-10 08:12:00,ACH Credit,In,1483.48,US,Branch
239,20,2026-04-10 09:05:00,Cash Withdrawal,Out,2308.27,US,Web
69,6,2026-04-10 12:18:00,Cash Withdrawal,Out,1338.52,US,Branch
1931,130,2026-04-10 13:47:00,ACH Debit,Out,201.29,US,Automated
3222,222,2026-04-10 14:45:00,ACH Debit,Out,10,US,Mobile
1260,86,2026-04-10 15:08:00,ACH Credit,In,20,US,Web
2340,158,2026-04-10 16:43:00,Card Purchase,Out,4226.57,US,Mobile
948,67,2026-04-10 17:06:00,Cash Deposit,In,6858.21,US,Mobile
2744,187,2026-04-10 17:55:00,ACH Debit,Out,1465.05,US,Mobile
3486,240,2026-04-10 20:23:00,ACH Debit,Out,1114.6,US,Web
242,20,2026-04-10 21:33:00,Card Purchase,Out,460.27,US,Web
333,26,2026-04-10 22:41:00,ACH Credit,In,20,US,Branch
2423,165,2026-04-10 23:46:00,ACH Credit,In,953.93,US,Mobile
3720,72,2026-04-11 00:00:00,Wire Out,Out,9155.77,MX,Web
1069,74,2026-04-11 05:33:00,ACH Credit,In,3895.29,US,Web
257,21,2026-04-11 06:38:00,ACH Credit,In,1754.32,US,Automated
2220,150,2026-04-11 07:34:00,ACH Credit,In,4195.79,US,Branch
93,8,2026-04-11 08:28:00,ACH Debit,Out,496.65,US,Automated
1947,131,2026-04-11 08:30:00,Cash Withdrawal,Out,2342.54,GB,Web
1475,99,2026-04-11 09:30:00,Cash Withdrawal,Out,2597.3,US,Web
3219,222,2026-04-11 09:35:00,ACH Debit,Out,10,US,Web
3524,242,2026-04-11 09:42:00,Card Purchase,Out,4130.48,US,Automated
2007,135,2026-04-11 10:09:00,ACH Debit,Out,2708.58,US,Branch
764,55,2026-04-11 10:16:00,Cash Deposit,In,1158.11,US,Automated
3459,238,2026-04-11 11:09:00,Wire Out,Out,5139.38,MX,Web
3150,218,2026-04-11 11:12:00,Card Purchase,Out,32.56,US,Automated
1374,93,2026-04-11 12:02:00,Cash Deposit,In,4468.29,DE,Mobile
2815,194,2026-04-11 13:04:00,ACH Credit,In,2859.34,US,Web
551,40,2026-04-11 14:03:00,Card Purchase,Out,919.16,US,Web
430,32,2026-04-11 14:54:00,Wire In,In,4922.45,DE,Branch
3285,226,2026-04-11 15:16:00,Cash Deposit,In,2938.97,MX,Web
357,27,2026-04-11 16:18:00,Card Purchase,Out,1143.0,CA,Mobile
2914,199,2026-04-11 17:42:00,Cash Deposit,In,2735.88,US,Automated
2456,168,2026-04-11 18:16:00,Card Purchase,Out,2961.82,US,Web
1591,106,2026-04-11 19:03:00,Cash Withdrawal,Out,200.26,US,Automated
104,9,2026-04-11 20:57:00,ACH Credit,In,4647.92,US,Automated
3721,72,2026-04-12 00:00:00,Wire Out,Out,10269.05,GB,Web
774,55,2026-04-12 02:44:00,Cash Withdrawal,Out,786.96,US,Mobile
2431,166,2026-04-12 02:52:00,Card Purchase,Out,2724.04,US,Web
2457,168,2026-04-12 04:15:00,ACH Credit,In,1576.1,US,Automated
3391,234,2026-04-12 05:43:00,Cash Deposit,In,6652.19,US,Web
468,34,2026-04-12 05:57:00,Wire Out,Out,158.26,US,Web
1048,73,2026-04-12 08:20:00,ACH Credit,In,2963.6,US,Branch
28,2,2026-04-12 09:34:00,ACH Debit,Out,23.91,US,Automated
518,37,2026-04-12 10:00:00,ACH Credit,In,1488.34,GB,Mobile
902,64,2026-04-12 10:18:00,Cash Withdrawal,Out,3453.56,US,Web
120,10,2026-04-12 10:47:00,ACH Credit,In,2192.38,SG,Automated
1257,86,2026-04-12 11:17:00,Cash Withdrawal,Out,1379.06,US,Branch
1757,117,2026-04-12 11:31:00,ACH Credit,In,454.08,US,Branch
2035,137,2026-04-12 11:33:00,ACH Credit,In,4432.85,US,Branch
1616,108,2026-04-12 13:58:00,ACH Credit,In,5608.68,US,Branch
1869,124,2026-04-12 15:35:00,Card Purchase,Out,29.09,US,Mobile
2738,187,2026-04-12 19:19:00,Cash Deposit,In,1377.95,US,Mobile
3354,232,2026-04-12 20:18:00,Card Purchase,Out,49.08,US,Mobile
2251,152,2026-04-12 22:19:00,Cash Withdrawal,Out,1265.19,US,Branch
3562,245,2026-04-13 04:27:00,ACH Debit,Out,10,US,Web
2434,166,2026-04-13 06:08:00,ACH Debit,Out,1779.67,US,Automated
703,51,2026-04-13 13:29:00,ACH Credit,In,78.2,US,Mobile
1220,84,2026-04-13 13:53:00,Card Purchase,Out,10,US,Mobile
2518,172,2026-04-13 15:06:00,ACH Debit,Out,643.96,US,Web
1457,99,2026-04-13 15:35:00,Cash Withdrawal,Out,275.76,DE,Mobile
1872,125,2026-04-13 16:31:00,Cash Withdrawal,Out,2295.19,CA,Automated
1300,88,2026-04-13 17:49:00,Card Purchase,Out,509.19,US,Web
2360,160,2026-04-13 18:57:00,ACH Debit,Out,301.4,CA,Automated
465,34,2026-04-13 19:39:00,ACH Debit,Out,905.53,US,Web
536,39,2026-04-13 22:25:00,ACH Credit,In,3908.48,US,Web
124,11,2026-04-14 00:13:00,Card Purchase,Out,1698.21,US,Mobile
1870,124,2026-04-14 02:01:00,ACH Debit,Out,10.3,US,Automated
648,47,2026-04-14 04:52:00,Card Purchase,Out,420.31,US,Branch
937,66,2026-04-14 05:06:00,Card Purchase,Out,10,US,Mobile
739,53,2026-04-14 08:44:00,ACH Credit,In,14510.53,US,Branch
178,15,2026-04-14 12:23:00,ACH Debit,Out,10,US,Mobile
767,55,2026-04-14 13:20:00,ACH Debit,Out,1666.35,US,Mobile
422,32,2026-04-14 13:32:00,Card Purchase,Out,4495.15,US,Automated
842,60,2026-04-14 14:45:00,Card Purchase,Out,2947.96,US,Automated
2094,141,2026-04-14 14:51:00,ACH Credit,In,20,US,Mobile
1769,118,2026-04-14 16:04:00,ACH Credit,In,348.07,US,Mobile
3399,234,2026-04-14 16:15:00,Cash Deposit,In,2517.01,US,Web
2420,165,2026-04-14 16:37:00,Card Purchase,Out,10,US,Branch
2788,191,2026-04-14 17:23:00,Cash Deposit,In,8781.14,US,Branch
2009,135,2026-04-14 18:25:00,ACH Credit,In,20,US,Web
2796,192,2026-04-14 18:46:00,Cash Deposit,In,3776.7,GB,Mobile
66,6,2026-04-14 19:27:00,Card Purchase,Out,4480.08,US,Automated
3122,215,2026-04-14 23:16:00,Card Purchase,Out,9160.21,CA,Mobile
970,68,2026-04-15 00:44:00,Wire Out,Out,1390.98,US,Branch
426,32,2026-04-15 00:57:00,Cash Deposit,In,8938.1,US,Branch
255,21,2026-04-15 01:39:00,Cash Deposit,In,874.9,US,Branch
2781,191,2026-04-15 04:34:00,ACH Credit,In,1049.91,US,Web
3193,220,2026-04-15 04:39:00,ACH Debit,Out,107.15,US,Mobile
741,53,2026-04-15 06:12:00,Cash Deposit,In,7146.36,US,Web
3614,248,2026-04-15 07:22:00,ACH Credit,In,5382.17,US,Branch
2045,137,2026-04-15 07:57:00,ACH Credit,In,771.49,MX,Automated
2195,149,2026-04-15 09:20:00,ACH Debit,Out,1096.66,US,Branch
2966,203,2026-04-15 11:16:00,Wire In,In,528.39,US,Automated
2091,141,2026-04-15 18:41:00,ACH Debit,Out,1180.45,SG,Web
2286,154,2026-04-15 19:10:00,Card Purchase,Out,130.09,US,Automated
1111,77,2026-04-15 19:26:00,Wire In,In,5856.79,US,Branch
730,52,2026-04-15 20:05:00,Cash Withdrawal,Out,393.84,US,Mobile
2020,136,2026-04-15 23:39:00,ACH Credit,In,5008.69,SG,Web
1672,112,2026-04-15 23:48:00,Card Purchase,Out,2903.82,US,Automated
401,30,2026-04-16 01:20:00,Card Purchase,Out,56.38,US,Branch
3136,217,2026-04-16 02:47:00,ACH Credit,In,1942.62,US,Mobile
2526,172,2026-04-16 02:52:00,Card Purchase,Out,2273.92,US,Branch
249,21,2026-04-16 03:45:00,ACH Credit,In,667.75,US,Mobile
2587,176,2026-04-16 03:55:00,Card Purchase,Out,3461.77,US,Automated
44,4,2026-04-16 04:31:00,ACH Debit,Out,1503.88,US,Branch
847,60,2026-04-16 05:18:00,Card Purchase,Out,9684.55,US,Branch
3451,237,2026-04-16 07:41:00,ACH Debit,Out,1116.96,US,Web
347,27,2026-04-16 08:30:00,ACH Credit,In,3294.03,US,Mobile
862,62,2026-04-16 10:58:00,Card Purchase,Out,10,US,Automated
2492,170,2026-04-16 12:19:00,Card Purchase,Out,734.06,US,Mobile
581,42,2026-04-16 13:41:00,Card Purchase,Out,10,CA,Web
1330,90,2026-04-16 14:16:00,Cash Withdrawal,Out,4802.69,US,Automated
1999,135,2026-04-16 17:14:00,Card Purchase,Out,2578.25,US,Automated
94,8,2026-04-16 17:19:00,Cash Withdrawal,Out,1053.43,US,Branch
815,59,2026-04-16 17:32:00,Card Purchase,Out,5816.44,US,Mobile
1385,94,2026-04-16 17:34:00,ACH Debit,Out,3306.13,US,Branch
2918,199,2026-04-16 19:32:00,ACH Debit,Out,2433.8,SG,Branch
3048,209,2026-04-16 19:33:00,ACH Debit,Out,1212.54,US,Branch
3220,222,2026-04-16 19:49:00,Card Purchase,Out,29.9,US,Web
2697,184,2026-04-17 01:34:00,Card Purchase,Out,6852.28,CA,Mobile
1343,91,2026-04-17 02:00:00,ACH Credit,In,1476.12,US,Mobile
3192,220,2026-04-17 02:58:00,Cash Deposit,In,460.93,US,Mobile
1291,88,2026-04-17 03:51:00,Cash Withdrawal,Out,737.19,US,Automated
3117,215,2026-04-17 04:18:00,Cash Deposit,In,4383.64,US,Branch
3577,245,2026-04-17 04:30:00,Wire Out,Out,7218.08,US,Web
3629,249,2026-04-17 04:32:00,Cash Deposit,In,8587.4,US,Mobile
310,24,2026-04-17 06:56:00,Cash Withdrawal,Out,3145.81,US,Web
846,60,2026-04-17 09:08:00,Cash Withdrawal,Out,6002.4,US,Automated
3132,216,2026-04-17 09:38:00,Wire Out,Out,61.71,US,Mobile
389,29,2026-04-17 09:43:00,ACH Debit,Out,73.24,SG,Automated
3272,225,2026-04-17 10:23:00,Cash Deposit,In,979.8,US,Web
2930,201,2026-04-17 10:24:00,Cash Withdrawal,Out,501.23,US,Web
2670,181,2026-04-17 10:53:00,ACH Credit,In,4122.94,US,Automated
945,67,2026-04-17 11:19:00,Card Purchase,Out,1685.37,US,Branch
1426,97,2026-04-17 12:19:00,Wire In,In,4554.76,US,Mobile
3307,228,2026-04-17 13:22:00,ACH Debit,Out,3281.17,US,Branch
3189,220,2026-04-17 13:28:00,Cash Withdrawal,Out,47.54,US,Branch
562,40,2026-04-17 14:18:00,ACH Debit,Out,3949.91,US,Web
1868,124,2026-04-17 16:28:00,ACH Credit,In,62.24,US,Branch
692,50,2026-04-17 18:03:00,Cash Deposit,In,35.67,US,Automated
72,6,2026-04-17 18:18:00,Card Purchase,Out,658.95,US,Web
3325,229,2026-04-17 18:24:00,Cash Deposit,In,20,MX,Branch
1966,132,2026-04-17 19:11:00,Card Purchase,Out,841.23,US,Mobile
2905,199,2026-04-17 19:11:00,ACH Debit,Out,1541.51,US,Automated
453,33,2026-04-17 19:17:00,Wire In,In,1463.75,US,Branch
2776,190,2026-04-17 21:26:00,Cash Withdrawal,Out,162.72,US,Web
2174,147,2026-04-17 22:11:00,ACH Credit,In,2741.12,MX,Branch
3373,233,2026-04-17 23:14:00,Wire Out,Out,589.26,US,Automated
3670,147,2026-04-18 00:00:00,Wire In,In,11316.15,US,Web
2087,141,2026-04-18 00:06:00,Cash Deposit,In,1424.12,US,Branch
1661,111,2026-04-18 00:26:00,ACH Credit,In,1561.1,SG,Mobile
3598,247,2026-04-18 01:25:00,Card Purchase,Out,49.35,MX,Automated
265,22,2026-04-18 02:40:00,ACH Debit,Out,3873.21,US,Web
1214,84,2026-04-18 02:59:00,Wire Out,Out,1751.16,US,Automated
873,62,2026-04-18 03:08:00,ACH Credit,In,36.32,US,Mobile
2398,163,2026-04-18 03:25:00,Card Purchase,Out,2874.13,US,Automated
1916,129,2026-04-18 04:08:00,ACH Credit,In,3115.28,US,Automated
2058,138,2026-04-18 06:05:00,Cash Deposit,In,55.06,US,Mobile
493,36,2026-04-18 08:01:00,Card Purchase,Out,1401.18,US,Automated
1751,116,2026-04-18 10:25:00,ACH Credit,In,35.43,US,Mobile
857,61,2026-04-18 10:42:00,Wire Out,Out,961.96,US,Web
1326,90,2026-04-18 10:43:00,Card Purchase,Out,4095.43,US,Mobile
1565,105,2026-04-18 11:23:00,ACH Debit,Out,3209.16,US,Mobile
3309,228,2026-04-18 12:02:00,ACH Credit,In,3732.33,US,Mobile
2555,174,2026-04-18 13:24:00,Card Purchase,Out,5730.8,US,Mobile
3041,208,2026-04-18 13:38:00,Wire Out,Out,43.85,US,Automated
338,26,2026-04-18 13:40:00,ACH Credit,In,20,US,Automated
2546,174,2026-04-18 13:41:00,Wire In,In,1631.81,US,Mobile
2704,184,2026-04-18 14:49:00,Wire In,In,20,US,Mobile
3671,147,2026-04-18 16:00:00,Wire Out,Out,10107.57,SG,Web
2977,204,2026-04-18 17:48:00,Wire Out,Out,80.92,US,Branch
1753,117,2026-04-18 19:02:00,Wire Out,Out,649.95,US,Mobile
2172,147,2026-04-18 20:29:00,Card Purchase,Out,4993.24,US,Automated
3159,218,2026-04-18 20:36:00,Card Purchase,Out,34.6,US,Web
176,15,2026-04-18 21:07:00,Card Purchase,Out,96.88,MX,Branch
2882,198,2026-04-18 22:02:00,Card Purchase,Out,6359.57,US,Mobile
1720,114,2026-04-18 23:29:00,Card Purchase,Out,4487.9,MX,Branch
2006,135,2026-04-19 00:51:00,ACH Credit,In,4819.7,US,Automated
3263,224,2026-04-19 01:11:00,Cash Deposit,In,1879.97,US,Automated
279,22,2026-04-19 02:20:00,Card Purchase,Out,7074.75,US,Mobile
165,14,2026-04-19 05:24:00,ACH Debit,Out,6157.6,US,Mobile
3059,210,2026-04-19 06:12:00,Cash Deposit,In,9996.84,US,Web
550,40,2026-04-19 07:12:00,Wire In,In,1534.11,US,Web
3208,221,2026-04-19 07:37:00,Cash Deposit,In,32.9,GB,Web
2207,150,2026-04-19 08:54:00,ACH Debit,Out,2093.5,US,Web
1989,135,2026-04-19 09:43:00,Wire Out,Out,807.04,US,Branch
678,49,2026-04-19 11:15:00,Wire Out,Out,10,US,Web
2233,151,2026-04-19 11:27:00,Cash Withdrawal,Out,4263.89,US,Automated
2314,157,2026-04-19 15:40:00,Wire Out,Out,1473.54,US,Web
351,27,2026-04-19 16:08:00,ACH Debit,Out,2348.25,US,Automated
723,52,2026-04-19 16:22:00,ACH Debit,Out,2485.5,US,Automated
125,11,2026-04-19 17:46:00,ACH Credit,In,3331.88,US,Automated
2554,174,2026-04-19 18:37:00,Wire In,In,3503.44,DE,Automated
820,59,2026-04-19 18:59:00,Card Purchase,Out,932.08,US,Automated
583,42,2026-04-19 19:35:00,Wire In,In,5511.23,US,Mobile
3156,218,2026-04-19 21:47:00,Wire Out,Out,22.51,US,Automated
492,36,2026-04-19 22:45:00,Wire Out,Out,1758.04,US,Branch
2462,169,2026-04-19 23:37:00,ACH Debit,Out,423.0,US,Branch
354,27,2026-04-20 00:09:00,ACH Debit,Out,10,US,Branch
1551,104,2026-04-20 00:20:00,ACH Debit,Out,3136.04,DE,Automated
275,22,2026-04-20 01:34:00,Wire In,In,6839.03,US,Mobile
1716,114,2026-04-20 04:32:00,Wire Out,Out,1460.25,US,Branch
2153,145,2026-04-20 04:47:00,Card Purchase,Out,876.38,US,Branch
3107,214,2026-04-20 05:08:00,ACH Debit,Out,10,US,Automated
311,24,2026-04-20 05:20:00,Card Purchase,Out,2558.35,US,Mobile
1734,115,2026-04-20 09:37:00,Wire Out,Out,4844.06,US,Web
2063,139,2026-04-20 11:55:00,Card Purchase,Out,1717.49,US,Branch
3492,240,2026-04-20 12:15:00,ACH Credit,In,689.63,GB,Mobile
2425,165,2026-04-20 12:50:00,Cash Deposit,In,1115.15,GB,Web
1242,85,2026-04-20 13:44:00,Wire In,In,3678.17,US,Web
215,18,2026-04-20 14:27:00,ACH Credit,In,1985.66,US,Branch
589,43,2026-04-20 14:50:00,ACH Credit,In,5341.19,DE,Web
670,48,2026-04-20 15:20:00,Cash Deposit,In,1283.32,SG,Automated
1692,113,2026-04-20 16:09:00,Card Purchase,Out,143.73,US,Mobile
1958,132,2026-04-20 16:56:00,ACH Credit,In,20,US,Automated
3499,241,2026-04-20 18:20:00,Wire In,In,5509.77,US,Web
1423,97,2026-04-20 18:25:00,ACH Credit,In,2583.22,US,Branch
283,23,2026-04-20 18:55:00,ACH Debit,Out,3088.62,US,Branch
384,29,2026-04-21 00:22:00,Cash Withdrawal,Out,39.98,US,Web
2075,139,2026-04-21 00:40:00,Wire Out,Out,3329.44,DE,Web
1818,121,2026-04-21 01:00:00,Cash Withdrawal,Out,1148.61,US,Branch
2455,168,2026-04-21 01:09:00,ACH Debit,Out,1367.89,DE,Automated
1746,116,2026-04-21 04:26:00,Cash Withdrawal,Out,18.67,US,Mobile
617,44,2026-04-21 04:38:00,ACH Debit,Out,1105.33,US,Branch
2516,172,2026-04-21 09:48:00,ACH Debit,Out,10,US,Branch
2137,144,2026-04-21 10:08:00,ACH Debit,Out,6771.61,GB,Web
3202,221,2026-04-21 12:15:00,ACH Credit,In,54.69,US,Web
2054,138,2026-04-21 13:30:00,Cash Withdrawal,Out,2879.27,GB,Web
261,21,2026-04-21 13:39:00,Wire Out,Out,10,US,Branch
2126,143,2026-04-21 17:58:00,ACH Credit,In,1609.02,US,Mobile
507,37,2026-04-21 18:16:00,Card Purchase,Out,2310.62,US,Web
935,66,2026-04-21 18:38:00,ACH Credit,In,39.97,US,Branch
3260,224,2026-04-21 18:41:00,ACH Debit,Out,2409.2,US,Branch
70,6,2026-04-21 20:02:00,Wire In,In,3579.55,MX,Branch
3418,235,2026-04-21 20:40:00,Cash Withdrawal,Out,4170.04,CA,Web
1953,132,2026-04-21 21:00:00,Card Purchase,Out,941.78,US,Branch
2899,199,2026-04-21 22:05:00,ACH Debit,Out,2280.48,GB,Branch
1897,127,2026-04-21 22:57:00,ACH Debit,Out,2821.0,US,Web
1248,85,2026-04-21 23:37:00,Cash Withdrawal,Out,2508.39,US,Web
3697,9,2026-04-22 00:00:00,Cash Deposit,In,2608.07,US,Branch
1854,124,2026-04-22 01:45:00,ACH Debit,Out,62.03,US,Mobile
2090,141,2026-04-22 02:16:00,Cash Withdrawal,Out,88.27,US,Automated
452,33,2026-04-22 02:52:00,ACH Debit,Out,821.32,US,Web
2262,153,2026-04-22 03:05:00,ACH Debit,Out,3557.73,US,Web
580,42,2026-04-22 03:32:00,ACH Credit,In,5515.01,US,Automated
933,66,2026-04-22 03:38:00,Cash Deposit,In,74.46,GB,Branch
986,70,2026-04-22 04:13:00,ACH Debit,Out,3209.75,US,Mobile
141,12,2026-04-22 04:51:00,Wire In,In,3121.39,CA,Automated
3182,220,2026-04-22 05:16:00,Card Purchase,Out,559.4,MX,Mobile
3698,9,2026-04-22 06:00:00,Cash Deposit,In,2398.57,US,Branch
180,15,2026-04-22 08:03:00,ACH Debit,Out,518.74,US,Automated
1793,119,2026-04-22 08:28:00,ACH Debit,Out,2666.26,US,Branch
2824,195,2026-04-22 08:30:00,ACH Debit,Out,4768.43,US,Mobile
644,46,2026-04-22 08:55:00,Cash Deposit,In,362.19,US,Automated
619,44,2026-04-22 09:10:00,Cash Withdrawal,Out,1853.46,US,Branch
2649,179,2026-04-22 10:49:00,ACH Debit,Out,1776.59,US,Mobile
119,10,2026-04-22 10:50:00,Card Purchase,Out,1610.75,US,Mobile
3699,9,2026-04-22 12:00:00,Cash Deposit,In,3102.84,US,Branch
1010,71,2026-04-22 12:47:00,ACH Debit,Out,10,US,Automated
1629,108,2026-04-22 13:48:00,ACH Debit,Out,1374.66,DE,Mobile
944,66,2026-04-22 14:15:00,Cash Deposit,In,86.37,US,Mobile
2119,142,2026-04-22 17:29:00,ACH Debit,Out,10,US,Mobile
32,3,2026-04-22 17:57:00,ACH Credit,In,20,CA,Branch
3700,9,2026-04-22 18:00:00,Cash Deposit,In,1851.62,US,Branch
2981,204,2026-04-22 19:03:00,Card Purchase,Out,1683.8,US,Web
3179,220,2026-04-22 19:35:00,Card Purchase,Out,289.55,US,Mobile
1144,79,2026-04-22 19:48:00,ACH Debit,Out,1182.71,US,Web
81,7,2026-04-22 20:24:00,Card Purchase,Out,10,GB,Mobile
1240,85,2026-04-22 21:50:00,Cash Deposit,In,2160.37,US,Mobile
3701,9,2026-04-23 00:00:00,Cash Deposit,In,2447.38,US,Branch
2574,175,2026-04-23 00:01:00,Cash Withdrawal,Out,3582.73,US,Mobile
3276,225,2026-04-23 01:31:00,Cash Withdrawal,Out,1351.97,US,Branch
1839,123,2026-04-23 01:37:00,ACH Debit,Out,382.53,US,Mobile
2357,159,2026-04-23 02:35:00,ACH Debit,Out,268.89,US,Web
3284,226,2026-04-23 04:13:00,ACH Debit,Out,1014.19,CA,Automated
1910,128,2026-04-23 04:29:00,Cash Withdrawal,Out,10,US,Web
1987,134,2026-04-23 04:56:00,ACH Debit,Out,1171.52,US,Mobile
3702,9,2026-04-23 06:00:00,Cash Deposit,In,2903.13,US,Branch
1464,99,2026-04-23 06:35:00,Card Purchase,Out,1287.73,US,Mobile
386,29,2026-04-23 07:57:00,Wire In,In,20,US,Web
1842,123,2026-04-23 09:40:00,ACH Debit,Out,481.57,US,Automated
2688,183,2026-04-23 09:45:00,Card Purchase,Out,206.26,US,Branch
2537,173,2026-04-23 09:52:00,ACH Debit,Out,25.83,US,Web
2429,166,2026-04-23 10:19:00,Card Purchase,Out,2427.8,US,Web
3365,232,2026-04-23 12:21:00,Cash Deposit,In,479.56,CA,Automated
218,18,2026-04-23 12:29:00,Wire In,In,3158.4,DE,Automated
3032,208,2026-04-23 12:45:00,Card Purchase,Out,22.14,US,Web
1283,87,2026-04-23 13:09:00,ACH Debit,Out,162.12,GB,Automated
76,6,2026-04-23 13:20:00,ACH Credit,In,7049.22,US,Mobile
699,51,2026-04-23 13:22:00,ACH Debit,Out,13.18,US,Branch
2523,172,2026-04-23 15:45:00,ACH Debit,Out,1656.78,US,Automated
2326,158,2026-04-23 16:03:00,ACH Credit,In,5574.32,US,Branch
3355,232,2026-04-23 16:37:00,ACH Debit,Out,1118.96,US,Branch
1504,101,2026-04-23 16:50:00,Card Purchase,Out,807.77,US,Automated
1540,103,2026-04-23 19:57:00,Wire Out,Out,62.91,US,Automated
1241,85,2026-04-23 23:51:00,ACH Credit,In,3523.57,US,Web
2566,175,2026-04-24 04:10:00,Wire Out,Out,2872.48,US,Automated
3627,249,2026-04-24 04:34:00,Wire In,In,4137.25,US,Mobile
2408,164,2026-04-24 04:57:00,Card Purchase,Out,600.22,US,Mobile
949,67,2026-04-24 06:26:00,Wire In,In,1521.42,US,Branch
564,40,2026-04-24 07:25:00,Card Purchase,Out,1713.84,US,Branch
731,52,2026-04-24 08:08:00,Cash Withdrawal,Out,2867.64,GB,Web
747,54,2026-04-24 08:37:00,Card Purchase,Out,6586.06,US,Web
1647,110,2026-04-24 08:53:00,Wire In,In,2022.09,US,Mobile
511,37,2026-04-24 10:10:00,Cash Withdrawal,Out,10,US,Branch
1742,116,2026-04-24 10:11:00,Wire In,In,45.87,US,Mobile
3224,222,2026-04-24 10:40:00,Cash Deposit,In,38.34,US,Automated
1197,82,2026-04-24 14:37:00,Card Purchase,Out,115.14,US,Branch
1107,76,2026-04-24 15:14:00,Cash Deposit,In,6563.09,MX,Automated
3165,219,2026-04-24 15:28:00,Wire In,In,9472.45,US,Branch
1288,88,2026-04-24 19:14:00,Wire In,In,549.68,US,Web
137,12,2026-04-24 20:09:00,Wire Out,Out,9903.14,US,Web
2163,146,2026-04-24 21:02:00,ACH Credit,In,830.95,US,Automated
170,14,2026-04-24 21:11:00,Card Purchase,Out,10,CA,Automated
1951,132,2026-04-24 21:19:00,Cash Withdrawal,Out,1947.49,US,Web
3157,218,2026-04-24 22:23:00,Cash Withdrawal,Out,63.01,US,Web
2934,201,2026-04-24 23:24:00,Card Purchase,Out,255.2,US,Branch
2273,153,2026-04-25 02:33:00,Cash Deposit,In,5470.55,US,Web
2728,186,2026-04-25 02:39:00,Card Purchase,Out,1395.03,US,Branch
3533,243,2026-04-25 03:14:00,ACH Debit,Out,1615.31,US,Automated
2362,160,2026-04-25 03:27:00,Card Purchase,Out,10,US,Automated
3527,242,2026-04-25 07:12:00,Wire Out,Out,622.24,US,Automated
1935,130,2026-04-25 07:55:00,Card Purchase,Out,53.94,US,Mobile
661,48,2026-04-25 08:43:00,Cash Withdrawal,Out,2196.8,US,Automated
264,22,2026-04-25 09:09:00,Cash Withdrawal,Out,6987.5,US,Mobile
1436,97,2026-04-25 10:33:00,Wire In,In,564.68,US,Automated
3050,209,2026-04-25 11:18:00,Card Purchase,Out,10,US,Mobile
2133,144,2026-04-25 12:29:00,Wire In,In,13401.88,US,Web
1844,123,2026-04-25 15:36:00,ACH Debit,Out,3459.12,MX,Mobile
2599,177,2026-04-25 16:30:00,Wire Out,Out,1130.59,US,Mobile
2151,145,2026-04-25 16:47:00,ACH Debit,Out,260.72,DE,Mobile
1494,101,2026-04-25 19:04:00,Cash Withdrawal,Out,2064.26,US,Web
2225,151,2026-04-25 22:30:00,ACH Credit,In,2910.06,US,Web
3328,230,2026-04-25 22:36:00,Cash Withdrawal,Out,484.36,DE,Branch
806,58,2026-04-25 23:04:00,Wire Out,Out,2242.12,US,Branch
1104,76,2026-04-26 00:36:00,ACH Debit,Out,5631.45,US,Web
579,42,2026-04-26 01:44:00,ACH Credit,In,657.56,US,Branch
2895,198,2026-04-26 03:53:00,Card Purchase,Out,2340.23,US,Automated
1215,84,2026-04-26 04:02:00,Wire In,In,5007.57,US,Web
3197,221,2026-04-26 04:39:00,ACH Debit,Out,20.33,US,Branch
207,18,2026-04-26 04:50:00,Wire In,In,4650.67,DE,Automated
543,39,2026-04-26 05:36:00,ACH Debit,Out,10,US,Automated
409,30,2026-04-26 07:54:00,ACH Credit,In,20,US,Automated
1101,76,2026-04-26 11:21:00,Card Purchase,Out,6380.01,US,Mobile
2746,187,2026-04-26 11:43:00,ACH Debit,Out,805.47,US,Web
288,23,2026-04-26 11:50:00,Cash Withdrawal,Out,5444.79,MX,Mobile
1532,103,2026-04-26 14:23:00,ACH Debit,Out,10,US,Branch
2077,139,2026-04-26 14:27:00,ACH Credit,In,2394.38,US,Branch
2784,191,2026-04-26 14:51:00,ACH Credit,In,7722.33,US,Mobile
47,4,2026-04-26 18:19:00,ACH Credit,In,1355.86,US,Automated
2939,201,2026-04-26 19:35:00,Card Purchase,Out,1137.74,US,Web
506,37,2026-04-26 20:07:00,ACH Credit,In,302.16,US,Web
1682,112,2026-04-26 20:09:00,Wire Out,Out,5012.08,US,Branch
3090,212,2026-04-26 20:17:00,Card Purchase,Out,1642.71,MX,Web
1814,121,2026-04-26 20:59:00,Cash Withdrawal,Out,427.64,US,Mobile
270,22,2026-04-26 22:12:00,Card Purchase,Out,2839.52,CA,Branch
2159,146,2026-04-27 00:29:00,ACH Credit,In,267.71,US,Automated
1590,106,2026-04-27 01:04:00,Cash Withdrawal,Out,135.14,US,Web
368,28,2026-04-27 01:17:00,Wire Out,Out,1079.88,US,Web
2102,141,2026-04-27 02:12:00,Wire In,In,2043.81,SG,Mobile
633,46,2026-04-27 02:45:00,Cash Deposit,In,382.04,US,Branch
3482,239,2026-04-27 02:50:00,Wire Out,Out,6337.61,US,Mobile
2118,142,2026-04-27 03:01:00,ACH Credit,In,1558.29,US,Automated
2700,184,2026-04-27 04:14:00,Cash Deposit,In,11577.11,US,Branch
314,25,2026-04-27 12:02:00,ACH Credit,In,4153.03,US,Automated
2167,147,2026-04-27 13:36:00,Card Purchase,Out,1612.33,US,Branch
2971,203,2026-04-27 13:37:00,Card Purchase,Out,301.62,US,Mobile
1139,79,2026-04-27 13:52:00,Card Purchase,Out,1873.22,US,Mobile
2816,194,2026-04-27 17:20:00,Card Purchase,Out,1507.42,US,Automated
1887,126,2026-04-27 18:06:00,Cash Deposit,In,1430.3,US,Mobile
1036,72,2026-04-27 18:12:00,Cash Deposit,In,1011.79,US,Automated
344,26,2026-04-27 18:29:00,Card Purchase,Out,34.34,US,Web
2831,195,2026-04-27 19:02:00,Card Purchase,Out,4052.06,CA,Web
2364,160,2026-04-27 19:31:00,Card Purchase,Out,11.51,US,Branch
1527,103,2026-04-27 20:53:00,Cash Deposit,In,31.01,US,Mobile
3139,217,2026-04-27 21:32:00,Cash Deposit,In,8853.53,US,Mobile
3530,242,2026-04-27 21:35:00,ACH Credit,In,3802.02,US,Mobile
2915,199,2026-04-27 22:02:00,Card Purchase,Out,2433.82,US,Mobile
1445,98,2026-04-27 23:19:00,Wire Out,Out,10,US,Automated
3664,168,2026-04-28 00:00:00,Wire In,In,12252.01,US,Web
3205,221,2026-04-28 00:19:00,Cash Withdrawal,Out,10,US,Automated
2318,157,2026-04-28 01:20:00,ACH Debit,Out,2906.1,US,Web
282,23,2026-04-28 02:02:00,ACH Credit,In,7773.64,US,Web
2040,137,2026-04-28 02:19:00,ACH Credit,In,20,US,Web
2306,156,2026-04-28 02:20:00,Card Purchase,Out,782.12,US,Mobile
3235,222,2026-04-28 03:40:00,ACH Debit,Out,10,DE,Web
2324,157,2026-04-28 03:54:00,Cash Deposit,In,6688.61,US,Branch
527,38,2026-04-28 03:58:00,ACH Credit,In,2283.64,US,Automated
3402,234,2026-04-28 04:07:00,Card Purchase,Out,1923.0,US,Branch
1667,111,2026-04-28 04:40:00,Card Purchase,Out,10,US,Branch
1212,84,2026-04-28 06:38:00,Card Purchase,Out,4821.9,US,Automated
558,40,2026-04-28 06:50:00,ACH Credit,In,2908.3,MX,Automated
1899,128,2026-04-28 07:23:00,Card Purchase,Out,3859.24,US,Mobile
3591,246,2026-04-28 07:27:00,Cash Withdrawal,Out,10,CA,Branch
3099,213,2026-04-28 08:01:00,Cash Deposit,In,3960.42,US,Branch
1803,120,2026-04-28 10:11:00,Card Purchase,Out,5409.25,GB,Mobile
2992,205,2026-04-28 11:49:00,Card Purchase,Out,4970.62,US,Automated
3457,238,2026-04-28 14:14:00,ACH Debit,Out,437.17,US,Web
3665,168,2026-04-28 17:00:00,Wire Out,Out,11564.92,CA,Web
916,65,2026-04-28 18:29:00,ACH Credit,In,5043.93,US,Mobile
3038,208,2026-04-28 20:02:00,Wire In,In,46.24,US,Automated
1121,78,2026-04-28 20:18:00,ACH Debit,Out,9390.81,US,Mobile
3403,234,2026-04-28 21:00:00,ACH Debit,Out,10,US,Web
824,59,2026-04-28 21:25:00,Cash Deposit,In,5060.93,US,Automated
1358,92,2026-04-28 21:42:00,Card Purchase,Out,1770.18,US,Web
2037,137,2026-04-28 22:00:00,ACH Debit,Out,182.71,US,Automated
1838,123,2026-04-28 23:34:00,Cash Deposit,In,2609.54,MX,Automated
2113,142,2026-04-29 00:49:00,Cash Deposit,In,795.26,US,Branch
1102,76,2026-04-29 01:51:00,ACH Debit,Out,1555.43,US,Mobile
1509,102,2026-04-29 02:31:00,Card Purchase,Out,49.6,SG,Branch
3141,217,2026-04-29 02:55:00,ACH Credit,In,6207.1,US,Mobile
3095,213,2026-04-29 02:56:00,Card Purchase,Out,4307.86,US,Branch
3531,243,2026-04-29 03:02:00,Card Purchase,Out,1263.69,US,Branch
2206,149,2026-04-29 04:18:00,ACH Debit,Out,424.06,US,Mobile
3274,225,2026-04-29 08:34:00,Cash Deposit,In,5823.78,US,Automated
253,21,2026-04-29 09:19:00,Card Purchase,Out,2310.44,US,Mobile
1147,79,2026-04-29 09:40:00,Card Purchase,Out,1918.3,US,Web
2577,176,2026-04-29 10:23:00,Cash Withdrawal,Out,3303.82,US,Automated
3434,236,2026-04-29 11:30:00,Wire In,In,3305.18,US,Mobile
2860,197,2026-04-29 12:32:00,ACH Debit,Out,41.91,US,Mobile
606,44,2026-04-29 12:43:00,Cash Withdrawal,Out,1111.03,US,Web
1258,86,2026-04-29 13:11:00,ACH Debit,Out,1145.63,US,Mobile
1912,129,2026-04-29 14:02:00,Card Purchase,Out,10,SG,Web
1298,88,2026-04-29 14:50:00,ACH Credit,In,1022.31,US,Automated
2963,203,2026-04-29 18:52:00,ACH Credit,In,595.56,GB,Web
2334,158,2026-04-29 20:52:00,Cash Deposit,In,3992.45,US,Automated
1238,85,2026-04-29 20:59:00,ACH Credit,In,20,US,Mobile
578,42,2026-04-29 22:07:00,Wire In,In,5315.16,US,Automated
843,60,2026-04-29 23:25:00,Card Purchase,Out,4022.41,CA,Web
3111,214,2026-04-29 23:36:00,Wire Out,Out,2010.25,DE,Automated
1740,116,2026-04-30 01:55:00,Card Purchase,Out,10,US,Branch
1421,96,2026-04-30 03:23:00,Card Purchase,Out,2523.45,US,Web
1847,123,2026-04-30 04:08:00,Cash Withdrawal,Out,2973.34,CA,Mobile
1166,81,2026-04-30 04:46:00,Cash Withdrawal,Out,9366.39,US,Web
1126,78,2026-04-30 06:07:00,Wire In,In,13210.55,GB,Mobile
3415,235,2026-04-30 06:35:00,ACH Credit,In,4360.28,CA,Mobile
2361,160,2026-04-30 08:37:00,Wire In,In,1710.33,US,Branch
1508,102,2026-04-30 09:27:00,Card Purchase,Out,80.44,SG,Automated
295,23,2026-04-30 09:30:00,ACH Debit,Out,1928.96,US,Web
381,28,2026-04-30 09:37:00,Wire In,In,2836.69,US,Automated
3426,236,2026-04-30 12:13:00,ACH Debit,Out,969.09,US,Web
1177,81,2026-04-30 12:20:00,ACH Debit,Out,1223.48,US,Web
2984,204,2026-04-30 12:46:00,ACH Debit,Out,1829.7,DE,Mobile
3248,223,2026-04-30 12:48:00,Card Purchase,Out,8050.69,US,Automated
3501,241,2026-04-30 16:55:00,ACH Credit,In,20,US,Mobile
3334,230,2026-04-30 17:04:00,ACH Credit,In,4683.65,US,Web
705,51,2026-04-30 20:35:00,Card Purchase,Out,39.58,US,Automated
1259,86,2026-04-30 20:50:00,ACH Debit,Out,549.29,GB,Web
3269,224,2026-05-01 01:37:00,Wire In,In,20,US,Web
3406,235,2026-05-01 03:58:00,ACH Debit,Out,1758.77,GB,Branch
714,51,2026-05-01 04:54:00,ACH Debit,Out,10,US,Web
2810,193,2026-05-01 06:28:00,Wire Out,Out,3414.48,SG,Web
1605,107,2026-05-01 08:13:00,Card Purchase,Out,1015.16,US,Automated
3161,219,2026-05-01 08:25:00,ACH Debit,Out,3150.9,US,Web
1038,72,2026-05-01 09:08:00,Cash Deposit,In,3668.51,US,Branch
3401,234,2026-05-01 09:09:00,Cash Withdrawal,Out,2784.72,US,Automated
1600,106,2026-05-01 10:08:00,Card Purchase,Out,224.72,US,Branch
1152,80,2026-05-01 10:46:00,Wire Out,Out,2063.25,US,Branch
3632,249,2026-05-01 11:22:00,Card Purchase,Out,7279.08,GB,Automated
1791,119,2026-05-01 12:43:00,Card Purchase,Out,1052.89,US,Automated
1133,79,2026-05-01 13:19:00,Cash Deposit,In,252.02,US,Web
1360,92,2026-05-01 14:03:00,ACH Credit,In,3211.63,US,Branch
1419,96,2026-05-01 15:44:00,Wire In,In,2271.94,US,Web
1087,75,2026-05-01 15:56:00,ACH Debit,Out,3960.75,GB,Automated
2250,152,2026-05-01 16:16:00,Wire Out,Out,1071.92,US,Automated
1459,99,2026-05-01 16:26:00,Wire In,In,4825.68,US,Automated
3158,218,2026-05-01 17:32:00,Card Purchase,Out,21.28,US,Web
1623,108,2026-05-01 18:05:00,Card Purchase,Out,3438.83,US,Automated
1244,85,2026-05-01 18:11:00,ACH Debit,Out,10,US,Mobile
302,24,2026-05-01 20:26:00,Wire In,In,2877.94,US,Branch
111,9,2026-05-01 20:38:00,ACH Debit,Out,121.18,GB,Automated
2446,167,2026-05-01 20:45:00,Wire In,In,20,SG,Automated
3387,233,2026-05-02 00:00:00,Wire In,In,278.82,US,Branch
3693,188,2026-05-02 00:00:00,Cash Deposit,In,1952.87,US,Branch
1149,79,2026-05-02 00:20:00,Card Purchase,Out,426.41,US,Branch
707,51,2026-05-02 00:48:00,Cash Deposit,In,20,US,Web
3386,233,2026-05-02 02:24:00,Wire Out,Out,1892.43,US,Branch
1770,118,2026-05-02 04:08:00,Card Purchase,Out,790.63,US,Mobile
1531,103,2026-05-02 04:18:00,ACH Debit,Out,18.62,US,Automated
3694,188,2026-05-02 06:00:00,Cash Deposit,In,2444.3,US,Branch
1631,108,2026-05-02 06:10:00,ACH Debit,Out,3215.96,US,Branch
2242,152,2026-05-02 07:52:00,ACH Credit,In,1907.06,US,Web
1645,110,2026-05-02 09:32:00,Wire Out,Out,257.39,US,Web
2600,177,2026-05-02 11:29:00,ACH Debit,Out,10,US,Web
100,8,2026-05-02 11:31:00,ACH Debit,Out,199.03,US,Web
2686,182,2026-05-02 11:48:00,Cash Withdrawal,Out,993.98,US,Automated
3695,188,2026-05-02 12:00:00,Cash Deposit,In,2034.24,US,Branch
2940,201,2026-05-02 14:46:00,ACH Debit,Out,1510.77,US,Branch
3265,224,2026-05-02 16:33:00,Cash Deposit,In,1458.13,US,Web
2948,202,2026-05-02 17:12:00,Wire In,In,3300.54,US,Branch
1562,105,2026-05-02 17:14:00,ACH Credit,In,1831.17,US,Branch
2645,179,2026-05-02 17:54:00,Card Purchase,Out,2918.89,US,Web
3696,188,2026-05-02 18:00:00,Cash Deposit,In,2290.11,US,Branch
787,56,2026-05-02 19:21:00,ACH Credit,In,21.29,US,Mobile
3427,236,2026-05-02 23:15:00,Cash Deposit,In,20,US,Branch
307,24,2026-05-03 00:24:00,Card Purchase,Out,1041.51,US,Web
3180,220,2026-05-03 02:00:00,ACH Credit,In,20,US,Branch
375,28,2026-05-03 05:26:00,ACH Debit,Out,5301.41,US,Mobile
2383,162,2026-05-03 06:42:00,Card Purchase,Out,861.22,US,Mobile
2056,138,2026-05-03 06:47:00,Cash Withdrawal,Out,157.54,MX,Branch
2243,152,2026-05-03 06:48:00,ACH Credit,In,2213.17,US,Branch
1710,114,2026-05-03 06:51:00,Cash Withdrawal,Out,4431.44,US,Automated
1127,78,2026-05-03 07:34:00,Card Purchase,Out,6059.72,US,Mobile
2311,156,2026-05-03 08:06:00,Wire Out,Out,2402.31,US,Web
1208,83,2026-05-03 08:41:00,Wire Out,Out,1518.9,CA,Automated
2593,176,2026-05-03 08:57:00,Wire Out,Out,2518.12,US,Web
1657,111,2026-05-03 11:06:00,Card Purchase,Out,1221.29,US,Web
3645,250,2026-05-03 12:40:00,Wire In,In,11898.02,US,Automated
691,50,2026-05-03 13:01:00,Wire In,In,20,CA,Mobile
1155,80,2026-05-03 14:17:00,Wire In,In,2033.81,US,Branch
1993,135,2026-05-03 16:38:00,Wire In,In,1369.68,US,Automated
404,30,2026-05-03 17:17:00,Cash Withdrawal,Out,17.42,US,Mobile
3417,235,2026-05-03 17:26:00,ACH Credit,In,3212.35,US,Mobile
2141,145,2026-05-03 20:18:00,Wire In,In,232.41,US,Web
2441,167,2026-05-03 21:57:00,ACH Debit,Out,27.33,CA,Automated
2450,168,2026-05-03 22:39:00,Card Purchase,Out,10,US,Web
2369,161,2026-05-04 00:10:00,ACH Debit,Out,10,US,Web
3420,235,2026-05-04 01:19:00,Cash Deposit,In,5397.34,US,Automated
2476,170,2026-05-04 02:32:00,ACH Debit,Out,5830.23,US,Branch
443,33,2026-05-04 04:32:00,ACH Debit,Out,1908.55,US,Mobile
2182,148,2026-05-04 06:49:00,Card Purchase,Out,1590.43,SG,Mobile
2650,179,2026-05-04 07:50:00,ACH Credit,In,805.71,US,Mobile
1132,79,2026-05-04 08:46:00,ACH Credit,In,1469.72,CA,Mobile
750,54,2026-05-04 08:47:00,Card Purchase,Out,1634.48,US,Automated
2677,182,2026-05-04 12:10:00,Cash Withdrawal,Out,9046.0,US,Web
2545,174,2026-05-04 12:12:00,Card Purchase,Out,202.01,US,Web
1004,71,2026-05-04 13:22:00,Cash Withdrawal,Out,980.97,US,Mobile
1487,100,2026-05-04 15:33:00,Wire In,In,697.02,GB,Branch
2008,135,2026-05-04 16:01:00,Wire In,In,4138.73,US,Branch
1996,135,2026-05-04 17:21:00,Card Purchase,Out,331.88,US,Branch
650,47,2026-05-04 18:04:00,Card Purchase,Out,673.15,US,Branch
1940,131,2026-05-04 21:21:00,ACH Debit,Out,6215.11,US,Branch
2259,152,2026-05-04 21:42:00,Wire In,In,20,US,Web
3548,244,2026-05-05 00:03:00,Card Purchase,Out,5673.2,US,Mobile
2479,170,2026-05-05 00:57:00,Cash Withdrawal,Out,10,US,Web
3505,241,2026-05-05 01:00:00,Cash Deposit,In,7615.31,US,Mobile
136,12,2026-05-05 02:04:00,Wire In,In,20,GB,Mobile
2275,153,2026-05-05 03:03:00,Cash Deposit,In,8176.52,SG,Branch
732,53,2026-05-05 03:48:00,Card Purchase,Out,4234.34,US,Web
1321,90,2026-05-05 03:48:00,Wire Out,Out,10,US,Mobile
856,61,2026-05-05 05:02:00,Card Purchase,Out,3289.48,US,Web
2447,168,2026-05-05 05:27:00,Card Purchase,Out,10,US,Mobile
1116,77,2026-05-05 06:42:00,Cash Withdrawal,Out,2489.19,US,Mobile
2791,192,2026-05-05 07:51:00,Cash Withdrawal,Out,3644.37,US,Branch
2549,174,2026-05-05 11:32:00,ACH Debit,Out,10,US,Web
2723,186,2026-05-05 11:37:00,ACH Debit,Out,350.82,US,Automated
1128,78,2026-05-05 12:05:00,Card Purchase,Out,4808.02,US,Web
1633,108,2026-05-05 12:20:00,Wire In,In,2115.94,US,Web
2702,184,2026-05-05 13:44:00,Card Purchase,Out,4602.89,US,Web
777,55,2026-05-05 16:11:00,ACH Debit,Out,1049.17,US,Web
897,64,2026-05-05 17:24:00,ACH Credit,In,4043.72,US,Mobile
2774,190,2026-05-05 19:32:00,Card Purchase,Out,195.62,US,Branch
952,67,2026-05-05 19:46:00,ACH Credit,In,3375.14,US,Web
626,45,2026-05-05 19:48:00,Wire Out,Out,10,US,Mobile
277,22,2026-05-05 19:58:00,Wire Out,Out,6225.2,GB,Web
2498,171,2026-05-05 21:36:00,ACH Debit,Out,138.27,US,Automated
1698,113,2026-05-05 22:05:00,Card Purchase,Out,24.08,US,Web
3207,221,2026-05-05 22:17:00,ACH Credit,In,29.06,MX,Automated
2754,188,2026-05-05 22:59:00,Card Purchase,Out,2709.33,US,Web
525,38,2026-05-06 01:01:00,ACH Credit,In,3848.96,US,Web
3616,248,2026-05-06 02:21:00,ACH Debit,Out,10,US,Mobile
3052,209,2026-05-06 03:01:00,Wire In,In,20,US,Automated
907,64,2026-05-06 05:11:00,Card Purchase,Out,4658.06,US,Web
3569,245,2026-05-06 10:25:00,Card Purchase,Out,902.33,US,Automated
370,28,2026-05-06 13:09:00,Cash Withdrawal,Out,2253.89,US,Mobile
708,51,2026-05-06 15:38:00,Cash Deposit,In,20,US,Branch
2451,168,2026-05-06 17:30:00,ACH Debit,Out,1351.3,US,Mobile
439,33,2026-05-06 19:51:00,ACH Debit,Out,848.46,US,Web
544,39,2026-05-06 20:30:00,Cash Deposit,In,943.18,US,Mobile
2538,173,2026-05-06 20:49:00,ACH Debit,Out,10,US,Branch
2038,137,2026-05-06 21:36:00,Card Purchase,Out,10,US,Branch
1807,120,2026-05-06 23:28:00,Card Purchase,Out,2874.09,GB,Branch
942,66,2026-05-06 23:45:00,Card Purchase,Out,28.01,US,Branch
575,42,2026-05-07 01:20:00,ACH Credit,In,7511.18,US,Mobile
1766,118,2026-05-07 01:59:00,Card Purchase,Out,954.26,US,Web
3380,233,2026-05-07 05:22:00,Cash Deposit,In,2566.26,US,Web
832,60,2026-05-07 05:29:00,ACH Debit,Out,2017.19,US,Web
784,56,2026-05-07 07:31:00,Card Purchase,Out,48.89,US,Web
3390,233,2026-05-07 07:34:00,Card Purchase,Out,3213.12,US,Branch
1878,125,2026-05-07 08:36:00,ACH Debit,Out,2527.59,US,Branch
1925,129,2026-05-07 08:43:00,Card Purchase,Out,594.89,MX,Automated
25,2,2026-05-07 09:37:00,Wire Out,Out,21.6,US,Web
1514,102,2026-05-07 12:34:00,Card Purchase,Out,29.25,US,Automated
2301,155,2026-05-07 14:50:00,Cash Deposit,In,20,US,Web
339,26,2026-05-07 15:54:00,Cash Withdrawal,Out,32.38,US,Mobile
878,63,2026-05-07 16:35:00,Cash Withdrawal,Out,10,US,Mobile
2876,197,2026-05-07 17:48:00,Card Purchase,Out,42.85,US,Web
3021,207,2026-05-07 18:06:00,Card Purchase,Out,1155.12,US,Automated
2052,138,2026-05-07 18:24:00,Card Purchase,Out,5021.5,US,Branch
1473,99,2026-05-08 02:59:00,Card Purchase,Out,1676.49,US,Mobile
802,57,2026-05-08 03:31:00,Cash Deposit,In,2070.71,US,Mobile
2886,198,2026-05-08 03:41:00,Card Purchase,Out,2706.17,US,Automated
2107,141,2026-05-08 09:18:00,Card Purchase,Out,934.63,SG,Branch
813,58,2026-05-08 10:15:00,Cash Deposit,In,718.4,US,Branch
479,35,2026-05-08 10:32:00,ACH Debit,Out,1546.69,US,Web
2953,202,2026-05-08 13:09:00,Wire In,In,3049.81,US,Web
2219,150,2026-05-08 13:19:00,ACH Credit,In,2405.68,US,Web
2238,151,2026-05-08 15:14:00,ACH Debit,Out,578.51,US,Mobile
1446,98,2026-05-08 18:34:00,Cash Deposit,In,1398.39,US,Mobile
3536,243,2026-05-08 20:59:00,Wire In,In,2727.41,US,Mobile
2260,153,2026-05-08 22:22:00,Cash Withdrawal,Out,2652.72,US,Web
2619,178,2026-05-08 23:49:00,ACH Credit,In,6445.79,US,Automated
2900,199,2026-05-09 05:29:00,Cash Deposit,In,20,US,Automated
1189,82,2026-05-09 07:56:00,Wire In,In,378.42,US,Web
233,20,2026-05-09 08:55:00,Cash Withdrawal,Out,1125.3,US,Automated
475,35,2026-05-09 10:02:00,Cash Withdrawal,Out,10,US,Web
2795,192,2026-05-09 10:10:00,ACH Credit,In,4263.02,DE,Automated
947,67,2026-05-09 11:39:00,Cash Withdrawal,Out,2870.76,US,Web
3442,237,2026-05-09 11:57:00,Card Purchase,Out,10,US,Web
1080,75,2026-05-09 11:58:00,ACH Credit,In,3397.51,US,Branch
220,19,2026-05-09 12:51:00,ACH Debit,Out,859.91,US,Branch
833,60,2026-05-09 15:47:00,Wire Out,Out,4900.65,CA,Branch
407,30,2026-05-09 17:16:00,Wire In,In,51.19,US,Web
1451,98,2026-05-09 18:18:00,ACH Debit,Out,2101.43,MX,Mobile
203,17,2026-05-09 18:42:00,ACH Debit,Out,1494.14,US,Branch
1198,82,2026-05-09 21:18:00,Wire Out,Out,83.39,US,Branch
988,70,2026-05-09 23:11:00,Card Purchase,Out,10,US,Web
729,52,2026-05-09 23:16:00,ACH Debit,Out,2142.61,US,Automated
3608,247,2026-05-09 23:35:00,ACH Debit,Out,343.87,US,Mobile
3581,245,2026-05-10 00:46:00,Cash Deposit,In,8508.9,US,Mobile
751,54,2026-05-10 01:31:00,ACH Debit,Out,1987.76,US,Branch
3109,214,2026-05-10 02:27:00,Cash Withdrawal,Out,2959.03,MX,Branch
2002,135,2026-05-10 03:05:00,Cash Withdrawal,Out,2036.92,SG,Mobile
894,64,2026-05-10 03:22:00,Card Purchase,Out,2077.53,US,Branch
1106,76,2026-05-10 04:47:00,Card Purchase,Out,2679.85,US,Automated
320,25,2026-05-10 05:40:00,Cash Withdrawal,Out,3169.77,US,Web
1510,102,2026-05-10 07:08:00,Wire In,In,43.57,US,Automated
367,28,2026-05-10 08:52:00,ACH Debit,Out,3110.12,US,Branch
2559,175,2026-05-10 09:06:00,ACH Debit,Out,1080.01,US,Web
3286,226,2026-05-10 11:10:00,Wire In,In,1097.33,US,Automated
454,33,2026-05-10 11:45:00,ACH Debit,Out,3734.08,US,Web
652,47,2026-05-10 12:53:00,Cash Deposit,In,591.3,US,Web
2652,180,2026-05-10 13:39:00,ACH Debit,Out,8849.92,US,Automated
3007,206,2026-05-10 16:44:00,ACH Debit,Out,5470.3,US,Web
1224,84,2026-05-10 18:27:00,Cash Deposit,In,6767.11,US,Web
999,70,2026-05-10 20:45:00,Cash Deposit,In,2060.7,SG,Branch
321,25,2026-05-10 21:11:00,Card Purchase,Out,4196.79,US,Automated
3374,233,2026-05-10 21:38:00,Card Purchase,Out,710.59,US,Automated
396,29,2026-05-10 21:43:00,ACH Credit,In,20,US,Automated
1702,113,2026-05-10 23:22:00,Wire In,In,148.14,US,Automated
428,32,2026-05-11 00:19:00,Card Purchase,Out,10047.17,US,Automated
616,44,2026-05-11 00:51:00,Cash Withdrawal,Out,1126.21,US,Branch
3491,240,2026-05-11 00:54:00,Card Purchase,Out,234.99,US,Branch
1544,104,2026-05-11 01:24:00,Card Purchase,Out,10,MX,Automated
2015,136,2026-05-11 02:17:00,Card Purchase,Out,3957.62,US,Mobile
267,22,2026-05-11 02:33:00,ACH Credit,In,12526.6,DE,Mobile
3173,219,2026-05-11 03:38:00,Card Purchase,Out,4442.8,DE,Mobile
491,36,2026-05-11 04:18:00,ACH Credit,In,967.47,US,Mobile
941,66,2026-05-11 05:43:00,ACH Debit,Out,10,DE,Mobile
683,49,2026-05-11 07:17:00,Cash Withdrawal,Out,78.33,US,Mobile
2380,162,2026-05-11 07:17:00,Card Purchase,Out,2071.26,MX,Branch
1095,76,2026-05-11 07:25:00,Card Purchase,Out,2916.05,US,Web
2043,137,2026-05-11 08:25:00,Wire Out,Out,2115.5,US,Mobile
1840,123,2026-05-11 10:23:00,Cash Withdrawal,Out,1383.23,US,Branch
1904,128,2026-05-11 11:57:00,Wire In,In,5517.17,US,Web
2883,198,2026-05-11 12:29:00,ACH Debit,Out,4242.99,US,Branch
1455,99,2026-05-11 13:04:00,ACH Credit,In,4171.28,MX,Automated
2519,172,2026-05-11 13:15:00,ACH Debit,Out,1850.29,US,Automated
936,66,2026-05-11 13:18:00,Card Purchase,Out,31.02,US,Automated
353,27,2026-05-11 13:28:00,ACH Debit,Out,2848.11,US,Branch
688,49,2026-05-11 14:11:00,ACH Credit,In,1183.74,CA,Mobile
2169,147,2026-05-11 16:17:00,ACH Credit,In,1331.04,US,Branch
1982,134,2026-05-11 16:23:00,Cash Withdrawal,Out,2170.08,US,Automated
2879,198,2026-05-11 19:39:00,Card Purchase,Out,5010.91,MX,Mobile
1282,87,2026-05-11 21:22:00,ACH Credit,In,614.78,US,Mobile
98,8,2026-05-11 22:30:00,Card Purchase,Out,264.6,US,Mobile
1756,117,2026-05-11 22:48:00,ACH Debit,Out,390.06,US,Mobile
1789,119,2026-05-11 23:55:00,ACH Credit,In,20,US,Web
1994,135,2026-05-12 00:08:00,ACH Credit,In,3207.29,US,Mobile
2001,135,2026-05-12 00:50:00,Cash Withdrawal,Out,951.55,US,Automated
2616,178,2026-05-12 01:40:00,Cash Deposit,In,3326.36,US,Web
2341,158,2026-05-12 02:23:00,Card Purchase,Out,891.37,US,Branch
105,9,2026-05-12 03:00:00,Cash Deposit,In,5012.02,US,Branch
2059,138,2026-05-12 04:36:00,ACH Credit,In,7259.68,SG,Web
73,6,2026-05-12 05:36:00,Card Purchase,Out,1435.64,GB,Mobile
2328,158,2026-05-12 07:24:00,Cash Withdrawal,Out,2532.12,MX,Mobile
3336,231,2026-05-12 07:46:00,ACH Debit,Out,780.09,US,Automated
1143,79,2026-05-12 08:39:00,Wire Out,Out,2022.14,US,Web
3004,205,2026-05-12 11:10:00,Cash Withdrawal,Out,4646.64,US,Mobile
2949,202,2026-05-12 11:29:00,ACH Credit,In,20,GB,Branch
251,21,2026-05-12 12:50:00,Wire Out,Out,2547.83,US,Automated
845,60,2026-05-12 13:04:00,ACH Debit,Out,7348.29,US,Branch
2542,173,2026-05-12 14:18:00,Card Purchase,Out,11.32,US,Web
2809,193,2026-05-12 14:47:00,ACH Debit,Out,866.23,US,Branch
827,59,2026-05-12 16:44:00,Wire In,In,20,US,Web
677,49,2026-05-12 18:41:00,Cash Deposit,In,1145.48,US,Branch
3346,231,2026-05-12 21:05:00,Wire Out,Out,3568.69,DE,Automated
749,54,2026-05-12 21:14:00,ACH Credit,In,7733.98,US,Automated
1320,90,2026-05-12 22:57:00,Wire In,In,2467.79,US,Mobile
2255,152,2026-05-13 01:40:00,ACH Debit,Out,1566.69,US,Automated
3573,245,2026-05-13 02:56:00,Cash Withdrawal,Out,4530.55,SG,Mobile
1052,73,2026-05-13 02:58:00,Card Purchase,Out,1804.87,US,Branch
700,51,2026-05-13 04:42:00,ACH Credit,In,28.69,US,Web
3232,222,2026-05-13 07:07:00,Card Purchase,Out,10,US,Branch
3160,219,2026-05-13 09:14:00,Cash Withdrawal,Out,3712.59,US,Mobile
2211,150,2026-05-13 09:31:00,Wire In,In,20,US,Automated
1184,82,2026-05-13 16:48:00,Card Purchase,Out,264.27,US,Mobile
2097,141,2026-05-13 16:55:00,Cash Deposit,In,398.2,US,Branch
2856,196,2026-05-13 17:29:00,Card Purchase,Out,10,MX,Mobile
317,25,2026-05-13 18:35:00,Cash Withdrawal,Out,2410.97,US,Mobile
1489,100,2026-05-13 23:06:00,Card Purchase,Out,167.53,US,Mobile
3348,231,2026-05-14 00:00:00,ACH Debit,Out,2549.28,GB,Mobile
785,56,2026-05-14 03:28:00,Wire Out,Out,10,US,Branch
2678,182,2026-05-14 05:59:00,Card Purchase,Out,2349.99,US,Mobile
3151,218,2026-05-14 05:59:00,Cash Withdrawal,Out,28.03,US,Web
2567,175,2026-05-14 06:58:00,ACH Credit,In,1497.3,SG,Mobile
232,19,2026-05-14 07:59:00,Card Purchase,Out,677.09,US,Web
1871,125,2026-05-14 08:29:00,Cash Withdrawal,Out,2886.04,DE,Mobile
1186,82,2026-05-14 09:16:00,ACH Credit,In,504.47,US,Branch
2533,173,2026-05-14 10:13:00,ACH Credit,In,42.27,US,Web
869,62,2026-05-14 10:34:00,Card Purchase,Out,24.96,CA,Automated
3344,231,2026-05-14 10:45:00,Cash Withdrawal,Out,2650.82,US,Mobile
467,34,2026-05-14 10:58:00,Cash Withdrawal,Out,10,US,Automated
2150,145,2026-05-14 15:30:00,Cash Deposit,In,1487.47,MX,Web
462,34,2026-05-14 16:26:00,Cash Deposit,In,20,US,Branch
2466,169,2026-05-14 16:30:00,Card Purchase,Out,7952.29,US,Automated
2693,183,2026-05-14 16:53:00,Cash Deposit,In,2852.24,US,Web
2524,172,2026-05-14 17:56:00,ACH Debit,Out,960.31,DE,Branch
1222,84,2026-05-14 19:04:00,ACH Credit,In,1032.82,GB,Branch
324,25,2026-05-14 20:10:00,ACH Debit,Out,1330.97,CA,Automated
1027,72,2026-05-15 02:52:00,ACH Debit,Out,3893.64,US,Mobile
2520,172,2026-05-15 03:46:00,Cash Deposit,In,577.84,MX,Mobile
2780,191,2026-05-15 06:22:00,Cash Withdrawal,Out,5911.5,US,Mobile
2964,203,2026-05-15 07:54:00,Wire In,In,645.86,US,Web
3555,244,2026-05-15 07:57:00,Card Purchase,Out,9015.03,MX,Automated
1850,124,2026-05-15 08:17:00,Card Purchase,Out,10,US,Web
1210,84,2026-05-15 08:28:00,Cash Deposit,In,10600.93,US,Web
2281,153,2026-05-15 09:44:00,Card Purchase,Out,37.33,CA,Mobile
2155,145,2026-05-15 10:10:00,ACH Credit,In,49.12,US,Automated
783,56,2026-05-15 12:05:00,Wire Out,Out,32.89,US,Automated
2661,180,2026-05-15 13:35:00,Cash Deposit,In,11028.19,CA,Web
1889,127,2026-05-15 15:59:00,ACH Credit,In,621.8,US,Branch
719,52,2026-05-15 17:25:00,ACH Debit,Out,2894.62,US,Web
1978,133,2026-05-15 17:43:00,Card Purchase,Out,931.39,US,Automated
1834,123,2026-05-15 17:44:00,Card Purchase,Out,10,US,Automated
792,56,2026-05-15 20:31:00,Wire In,In,20,DE,Automated
118,10,2026-05-15 21:21:00,ACH Debit,Out,1699.58,CA,Automated
1517,102,2026-05-15 22:29:00,Card Purchase,Out,31.09,CA,Automated
2637,179,2026-05-15 22:54:00,ACH Debit,Out,90.51,US,Branch
450,33,2026-05-16 03:11:00,Wire In,In,129.16,US,Web
1079,75,2026-05-16 03:24:00,ACH Credit,In,8570.73,US,Automated
2888,198,2026-05-16 03:43:00,Cash Withdrawal,Out,1749.64,US,Web
1796,120,2026-05-16 06:42:00,Card Purchase,Out,1854.53,US,Branch
2778,191,2026-05-16 06:55:00,Card Purchase,Out,7700.31,US,Mobile
2209,150,2026-05-16 07:37:00,ACH Debit,Out,2683.94,MX,Branch
3431,236,2026-05-16 11:41:00,Cash Deposit,In,984.09,US,Automated
2586,176,2026-05-16 11:47:00,Card Purchase,Out,5284.1,US,Branch
3013,206,2026-05-16 11:55:00,Cash Deposit,In,5378.28,US,Web
745,54,2026-05-16 12:10:00,Cash Withdrawal,Out,1242.96,US,Mobile
2999,205,2026-05-16 13:27:00,ACH Debit,Out,742.22,US,Mobile
480,35,2026-05-16 13:54:00,ACH Credit,In,4510.04,US,Branch
2485,170,2026-05-16 13:58:00,Card Purchase,Out,5799.22,US,Mobile
2095,141,2026-05-16 15:13:00,Card Purchase,Out,963.42,US,Automated
2630,178,2026-05-16 15:39:00,ACH Credit,In,4756.4,US,Web
2145,145,2026-05-16 15:51:00,Cash Withdrawal,Out,1195.07,US,Mobile
2404,163,2026-05-16 16:01:00,Card Purchase,Out,1400.01,US,Web
599,43,2026-05-16 17:36:00,Card Purchase,Out,5367.72,US,Automated
1072,75,2026-05-16 17:47:00,Card Purchase,Out,6085.85,US,Mobile
542,39,2026-05-16 19:50:00,ACH Debit,Out,3249.04,US,Automated
3015,206,2026-05-16 21:05:00,ACH Credit,In,4967.47,US,Mobile
3560,245,2026-05-16 22:23:00,Card Purchase,Out,3573.55,US,Automated
2868,197,2026-05-16 23:15:00,Cash Withdrawal,Out,38.84,US,Web
2983,204,2026-05-16 23:28:00,Wire In,In,4431.63,US,Web
1059,74,2026-05-17 01:32:00,ACH Debit,Out,794.51,US,Mobile
168,14,2026-05-17 01:38:00,Cash Withdrawal,Out,35.99,US,Branch
1712,114,2026-05-17 02:48:00,ACH Credit,In,14744.16,MX,Automated
1383,94,2026-05-17 03:09:00,Cash Deposit,In,374.24,US,Branch
1655,111,2026-05-17 03:37:00,Wire Out,Out,2429.6,SG,Automated
162,14,2026-05-17 04:08:00,Card Purchase,Out,4303.53,US,Web
3105,213,2026-05-17 05:10:00,Wire Out,Out,3757.62,GB,Web
2179,148,2026-05-17 05:26:00,Wire In,In,1470.46,US,Branch
3539,243,2026-05-17 06:06:00,Wire In,In,972.96,US,Automated
2635,179,2026-05-17 07:01:00,Cash Deposit,In,2683.12,US,Automated
3127,216,2026-05-17 07:43:00,Cash Deposit,In,156.26,GB,Branch
2474,170,2026-05-17 09:22:00,ACH Credit,In,2410.51,US,Mobile
3477,239,2026-05-17 10:09:00,Wire Out,Out,10946.21,US,Mobile
1179,82,2026-05-17 12:54:00,Cash Withdrawal,Out,76.5,MX,Automated
1131,78,2026-05-17 13:32:00,ACH Debit,Out,10,US,Mobile
2713,185,2026-05-17 14:34:00,Cash Withdrawal,Out,356.28,US,Web
196,17,2026-05-17 15:10:00,Wire In,In,6190.03,US,Web
1482,100,2026-05-17 15:14:00,ACH Credit,In,453.47,US,Mobile
1006,71,2026-05-17 16:44:00,Cash Deposit,In,20,US,Automated
3104,213,2026-05-17 17:42:00,Cash Deposit,In,20,CA,Branch
2051,138,2026-05-17 18:24:00,ACH Credit,In,20,CA,Branch
1370,93,2026-05-17 18:46:00,Card Purchase,Out,1082.51,US,Automated
2891,198,2026-05-17 20:16:00,Card Purchase,Out,9722.41,US,Automated
855,61,2026-05-17 21:03:00,Wire In,In,6179.64,US,Automated
803,58,2026-05-17 22:29:00,Cash Deposit,In,3255.88,US,Automated
2956,203,2026-05-17 23:25:00,Card Purchase,Out,316.53,US,Branch
2871,197,2026-05-18 00:06:00,ACH Credit,In,59.18,US,Automated
1226,84,2026-05-18 00:44:00,Card Purchase,Out,4390.26,US,Mobile
2505,171,2026-05-18 02:08:00,Card Purchase,Out,413.89,US,Branch
2692,183,2026-05-18 02:15:00,Cash Deposit,In,20,US,Automated
1032,72,2026-05-18 03:08:00,Cash Deposit,In,7594.51,US,Automated
3624,249,2026-05-18 03:32:00,Cash Withdrawal,Out,81.91,US,Branch
54,4,2026-05-18 04:19:00,ACH Credit,In,2137.96,US,Automated
2592,176,2026-05-18 04:19:00,Wire Out,Out,508.88,US,Branch
1,1,2026-05-18 05:16:00,Card Purchase,Out,10,US,Web
129,11,2026-05-18 06:52:00,ACH Credit,In,3570.07,US,Web
1335,91,2026-05-18 07:01:00,Cash Withdrawal,Out,10,US,Automated
3575,245,2026-05-18 08:50:00,Cash Deposit,In,3938.69,GB,Branch
1191,82,2026-05-18 09:03:00,Cash Deposit,In,367.77,US,Web
191,16,2026-05-18 09:27:00,Wire In,In,655.53,US,Branch
1744,116,2026-05-18 09:39:00,ACH Credit,In,20,US,Automated
2626,178,2026-05-18 11:57:00,ACH Debit,Out,1494.66,US,Automated
3512,242,2026-05-18 13:01:00,Cash Withdrawal,Out,225.42,US,Branch
1598,106,2026-05-18 13:29:00,Wire In,In,391.52,US,Web
3297,227,2026-05-18 18:27:00,ACH Credit,In,3890.18,MX,Automated
1963,132,2026-05-18 19:12:00,ACH Debit,Out,10,US,Automated
974,68,2026-05-18 19:39:00,Card Purchase,Out,109.1,US,Automated
1635,108,2026-05-18 23:35:00,Card Purchase,Out,759.15,US,Web
217,18,2026-05-19 02:22:00,Card Purchase,Out,843.56,US,Web
3245,223,2026-05-19 02:28:00,Cash Withdrawal,Out,6745.58,US,Web
611,44,2026-05-19 04:07:00,Cash Deposit,In,917.59,SG,Web
3164,219,2026-05-19 05:21:00,ACH Debit,Out,6120.63,US,Branch
2132,144,2026-05-19 08:02:00,Wire In,In,5670.15,US,Web
2463,169,2026-05-19 08:42:00,Card Purchase,Out,1682.23,US,Web
1656,111,2026-05-19 09:04:00,Cash Withdrawal,Out,3242.22,US,Branch
2139,144,2026-05-19 13:13:00,Cash Withdrawal,Out,10,US,Mobile
135,12,2026-05-19 14:46:00,Card Purchase,Out,2853.07,US,Web
1417,96,2026-05-19 16:45:00,Cash Deposit,In,1136.45,US,Mobile
1555,104,2026-05-19 17:35:00,ACH Debit,Out,4551.29,US,Mobile
3300,227,2026-05-19 18:13:00,ACH Debit,Out,10,US,Automated
3210,221,2026-05-19 18:41:00,ACH Debit,Out,10,US,Automated
3027,207,2026-05-19 18:56:00,Card Purchase,Out,2335.84,US,Mobile
1274,87,2026-05-19 20:37:00,Card Purchase,Out,412.9,US,Branch
2213,150,2026-05-19 22:23:00,Card Purchase,Out,5095.58,US,Automated
1823,122,2026-05-19 22:59:00,ACH Debit,Out,2121.5,US,Automated
1499,101,2026-05-20 02:20:00,Wire Out,Out,2640.86,US,Branch
2821,194,2026-05-20 02:55:00,Card Purchase,Out,10,CA,Web
1922,129,2026-05-20 02:59:00,Card Purchase,Out,597.94,US,Web
2727,186,2026-05-20 03:28:00,ACH Debit,Out,1493.97,CA,Mobile
1237,85,2026-05-20 05:05:00,Cash Withdrawal,Out,4159.83,US,Web
2143,145,2026-05-20 05:49:00,Card Purchase,Out,968.11,US,Branch
1246,85,2026-05-20 06:11:00,ACH Credit,In,6292.16,DE,Mobile
734,53,2026-05-20 06:19:00,Card Purchase,Out,3627.43,US,Automated
3293,227,2026-05-20 12:39:00,ACH Credit,In,2687.62,US,Mobile
308,24,2026-05-20 12:52:00,ACH Credit,In,3476.69,US,Automated
1359,92,2026-05-20 13:05:00,Card Purchase,Out,3648.08,US,Branch
1718,114,2026-05-20 13:20:00,Cash Deposit,In,14242.81,US,Web
208,18,2026-05-20 18:31:00,Wire Out,Out,1220.53,SG,Branch
3378,233,2026-05-20 19:06:00,ACH Debit,Out,10,US,Mobile
840,60,2026-05-20 19:08:00,Card Purchase,Out,10,SG,Web
1622,108,2026-05-20 20:38:00,Cash Deposit,In,2611.48,US,Branch
1412,95,2026-05-21 00:14:00,ACH Debit,Out,3736.88,US,Mobile
3316,229,2026-05-21 00:40:00,Card Purchase,Out,5778.09,US,Web
1604,107,2026-05-21 04:55:00,Card Purchase,Out,2799.21,US,Mobile
424,32,2026-05-21 08:16:00,Card Purchase,Out,10,US,Web
2268,153,2026-05-21 08:59:00,Card Purchase,Out,7101.38,CA,Branch
1648,110,2026-05-21 11:28:00,Card Purchase,Out,990.17,US,Mobile
502,36,2026-05-21 15:31:00,Wire Out,Out,4325.21,CA,Branch
636,46,2026-05-21 17:29:00,ACH Debit,Out,355.84,CA,Web
1693,113,2026-05-21 18:03:00,Wire In,In,335.86,US,Branch
2382,162,2026-05-21 19:05:00,ACH Debit,Out,10,US,Branch
2332,158,2026-05-21 22:22:00,Cash Deposit,In,3846.57,CA,Automated
3089,212,2026-05-21 23:31:00,Wire Out,Out,1653.55,DE,Branch
1584,106,2026-05-22 03:33:00,ACH Debit,Out,331.4,GB,Automated
1524,102,2026-05-22 04:30:00,Wire Out,Out,72.17,US,Branch
668,48,2026-05-22 05:36:00,ACH Credit,In,20,US,Branch
177,15,2026-05-22 07:12:00,Cash Deposit,In,2885.25,US,Mobile
1819,122,2026-05-22 08:50:00,ACH Debit,Out,1563.0,US,Automated
2253,152,2026-05-22 08:50:00,Card Purchase,Out,323.18,US,Automated
1250,86,2026-05-22 12:53:00,Wire Out,Out,259.62,CA,Mobile
1830,122,2026-05-22 13:19:00,Cash Withdrawal,Out,3325.59,US,Mobile
3070,211,2026-05-22 14:06:00,Card Purchase,Out,3947.36,MX,Mobile
1515,102,2026-05-22 14:41:00,ACH Credit,In,38.17,US,Mobile
1825,122,2026-05-22 15:26:00,Cash Deposit,In,2645.62,US,Automated
3407,235,2026-05-22 18:59:00,Cash Deposit,In,4210.1,US,Automated
3634,249,2026-05-22 20:55:00,Wire In,In,3730.01,US,Web
725,52,2026-05-22 22:24:00,ACH Credit,In,2023.0,GB,Branch
2568,175,2026-05-22 22:28:00,Card Purchase,Out,2880.53,US,Automated
1162,80,2026-05-22 23:41:00,Cash Deposit,In,2592.96,US,Branch
737,53,2026-05-23 08:30:00,ACH Credit,In,1184.16,US,Web
1479,100,2026-05-23 09:44:00,ACH Debit,Out,77.48,MX,Mobile
189,16,2026-05-23 09:45:00,ACH Debit,Out,81.58,US,Mobile
867,62,2026-05-23 10:20:00,Card Purchase,Out,10,US,Web
3108,214,2026-05-23 11:46:00,Wire In,In,4624.32,US,Web
816,59,2026-05-23 12:25:00,Cash Withdrawal,Out,2124.32,US,Automated
3012,206,2026-05-23 13:21:00,Wire Out,Out,3563.97,US,Branch
1659,111,2026-05-23 13:51:00,ACH Debit,Out,3490.62,US,Mobile
484,35,2026-05-23 15:24:00,ACH Debit,Out,2823.57,MX,Mobile
2560,175,2026-05-23 16:39:00,Wire In,In,372.88,US,Mobile
882,63,2026-05-23 19:04:00,Cash Deposit,In,5614.45,US,Web
3198,221,2026-05-23 21:35:00,ACH Debit,Out,10,GB,Web
3314,229,2026-05-23 22:15:00,Card Purchase,Out,5610.86,US,Automated
724,52,2026-05-23 23:05:00,Card Purchase,Out,3452.99,US,Mobile
852,61,2026-05-23 23:40:00,ACH Debit,Out,1803.9,US,Web
1349,91,2026-05-24 01:01:00,Cash Deposit,In,2363.94,MX,Branch
2302,156,2026-05-24 03:18:00,Card Purchase,Out,1687.12,US,Web
1019,71,2026-05-24 03:25:00,Wire In,In,6985.31,US,Branch
2325,157,2026-05-24 05:08:00,ACH Credit,In,2872.13,US,Mobile
3201,221,2026-05-24 05:15:00,Wire Out,Out,25.41,US,Mobile
487,35,2026-05-24 06:03:00,ACH Credit,In,20,US,Automated
289,23,2026-05-24 07:45:00,ACH Debit,Out,4513.61,US,Web
43,3,2026-05-24 08:01:00,ACH Debit,Out,1722.11,US,Mobile
821,59,2026-05-24 08:31:00,Cash Withdrawal,Out,10,US,Branch
717,52,2026-05-24 09:01:00,Wire In,In,1886.31,US,Web
3124,215,2026-05-24 09:40:00,Cash Deposit,In,3989.92,US,Branch
1379,93,2026-05-24 12:48:00,Cash Deposit,In,1631.03,US,Web
1663,111,2026-05-24 13:14:00,ACH Debit,Out,1072.17,US,Web
2858,196,2026-05-24 13:45:00,ACH Credit,In,4120.58,DE,Web
244,20,2026-05-24 14:26:00,Card Purchase,Out,1690.46,DE,Web
152,13,2026-05-24 16:47:00,Card Purchase,Out,992.08,GB,Web
263,22,2026-05-24 18:43:00,Cash Withdrawal,Out,1768.91,US,Web
3010,206,2026-05-24 19:19:00,ACH Credit,In,2891.51,US,Mobile
3225,222,2026-05-24 20:05:00,Cash Withdrawal,Out,10,SG,Web
721,52,2026-05-24 20:11:00,Cash Withdrawal,Out,2435.34,US,Web
3722,234,2026-05-25 00:00:00,Wire Out,Out,5774.29,MX,Web
3268,224,2026-05-25 02:03:00,ACH Debit,Out,10,MX,Automated
3288,226,2026-05-25 02:14:00,ACH Debit,Out,1447.15,US,Automated
1045,73,2026-05-25 02:43:00,Cash Withdrawal,Out,5202.12,US,Mobile
3643,250,2026-05-25 03:40:00,Card Purchase,Out,12016.67,DE,Automated
2603,177,2026-05-25 06:01:00,ACH Debit,Out,458.84,US,Web
3062,210,2026-05-25 07:57:00,Wire In,In,4278.47,US,Automated
925,65,2026-05-25 08:39:00,Wire Out,Out,4764.07,DE,Web
2044,137,2026-05-25 10:20:00,Wire In,In,1675.69,CA,Mobile
2490,170,2026-05-25 11:47:00,Wire In,In,5961.81,US,Web
794,57,2026-05-25 13:06:00,ACH Debit,Out,6758.69,CA,Branch
556,40,2026-05-25 15:32:00,Card Purchase,Out,2136.93,US,Web
2293,155,2026-05-25 17:13:00,ACH Debit,Out,1050.16,GB,Mobile
1585,106,2026-05-25 17:51:00,Cash Deposit,In,270.51,US,Branch
3093,213,2026-05-25 18:46:00,Card Purchase,Out,2490.41,US,Automated
2802,192,2026-05-25 18:57:00,ACH Debit,Out,2890.33,GB,Automated
429,32,2026-05-25 19:44:00,Cash Deposit,In,2076.08,US,Automated
1817,121,2026-05-25 22:06:00,Cash Deposit,In,1558.28,US,Web
1831,122,2026-05-25 22:39:00,Cash Withdrawal,Out,3725.42,US,Mobile
2010,135,2026-05-25 23:06:00,ACH Credit,In,481.98,US,Web
1906,128,2026-05-25 23:32:00,Wire Out,Out,198.29,US,Branch
3723,234,2026-05-26 00:00:00,Wire Out,Out,7066.05,SG,Web
2933,201,2026-05-26 00:42:00,ACH Credit,In,456.45,US,Web
3525,242,2026-05-26 02:29:00,Cash Withdrawal,Out,2499.41,GB,Automated
2920,200,2026-05-26 03:03:00,Card Purchase,Out,10,US,Branch
1322,90,2026-05-26 03:13:00,Cash Deposit,In,274.68,US,Mobile
2553,174,2026-05-26 04:56:00,Cash Withdrawal,Out,3484.35,US,Web
466,34,2026-05-26 07:44:00,Card Purchase,Out,78.16,US,Web
854,61,2026-05-26 09:13:00,Card Purchase,Out,2339.59,US,Branch
2127,143,2026-05-26 10:19:00,ACH Credit,In,20,US,Automated
2564,175,2026-05-26 10:23:00,ACH Credit,In,1932.08,US,Web
3642,250,2026-05-26 13:42:00,Card Purchase,Out,5901.69,US,Web
2106,141,2026-05-26 14:32:00,Wire In,In,92.39,US,Branch
2370,161,2026-05-26 14:56:00,ACH Credit,In,20,US,Automated
1339,91,2026-05-26 17:33:00,ACH Credit,In,1688.5,US,Branch
524,38,2026-05-26 18:13:00,ACH Credit,In,4222.47,US,Mobile
2388,162,2026-05-26 19:23:00,ACH Debit,Out,816.16,US,Automated
3289,226,2026-05-26 19:27:00,Card Purchase,Out,91.25,CA,Mobile
2994,205,2026-05-26 22:19:00,ACH Debit,Out,4352.5,US,Web
1690,113,2026-05-26 22:44:00,Cash Deposit,In,185.24,US,Mobile
2096,141,2026-05-27 01:12:00,Card Purchase,Out,160.95,SG,Automated
154,13,2026-05-27 01:34:00,Wire In,In,1814.61,MX,Automated
298,23,2026-05-27 01:46:00,Card Purchase,Out,3041.97,US,Automated
403,30,2026-05-27 02:04:00,ACH Debit,Out,30.73,US,Branch
3574,245,2026-05-27 05:02:00,Wire Out,Out,10,US,Branch
2839,196,2026-05-27 07:50:00,ACH Debit,Out,2226.06,US,Branch
1654,111,2026-05-27 09:26:00,Cash Withdrawal,Out,4616.75,US,Automated
2571,175,2026-05-27 09:47:00,Wire In,In,1468.55,US,Web
663,48,2026-05-27 10:15:00,ACH Debit,Out,10,US,Branch
624,45,2026-05-27 10:33:00,Wire Out,Out,6950.04,US,Branch
1480,100,2026-05-27 11:29:00,Cash Withdrawal,Out,537.65,US,Branch
1342,91,2026-05-27 12:46:00,Cash Withdrawal,Out,4530.21,US,Branch
226,19,2026-05-27 13:10:00,Cash Deposit,In,5268.58,CA,Branch
1687,112,2026-05-27 13:36:00,ACH Credit,In,3514.79,US,Web
227,19,2026-05-27 15:43:00,ACH Credit,In,7603.2,US,Automated
2085,140,2026-05-27 16:11:00,Card Purchase,Out,10,US,Mobile
778,55,2026-05-27 16:52:00,Wire In,In,1201.1,GB,Automated
841,60,2026-05-27 17:09:00,Cash Deposit,In,6466.02,US,Mobile
1314,90,2026-05-27 18:03:00,Wire In,In,3854.31,US,Automated
2793,192,2026-05-27 18:10:00,ACH Debit,Out,3157.74,SG,Automated
810,58,2026-05-27 19:11:00,Wire Out,Out,608.62,US,Web
3327,230,2026-05-27 19:11:00,ACH Debit,Out,3171.2,US,Branch
865,62,2026-05-27 21:18:00,Cash Withdrawal,Out,13.1,US,Web
1674,112,2026-05-28 00:47:00,Cash Withdrawal,Out,2328.65,MX,Mobile
2068,139,2026-05-28 02:11:00,Card Purchase,Out,1827.91,US,Branch
917,65,2026-05-28 02:51:00,ACH Credit,In,20,US,Branch
1630,108,2026-05-28 02:51:00,Card Purchase,Out,2636.41,US,Web
2726,186,2026-05-28 03:07:00,Cash Withdrawal,Out,1589.41,US,Branch
1444,98,2026-05-28 04:31:00,ACH Debit,Out,1982.66,US,Automated
2718,185,2026-05-28 04:44:00,ACH Debit,Out,808.63,US,Branch
521,38,2026-05-28 04:57:00,ACH Debit,Out,469.33,US,Mobile
976,69,2026-05-28 07:02:00,Card Purchase,Out,10,CA,Automated
379,28,2026-05-28 07:31:00,ACH Credit,In,1493.87,US,Automated
504,36,2026-05-28 12:30:00,ACH Credit,In,5113.42,US,Branch
1344,91,2026-05-28 14:10:00,Card Purchase,Out,859.54,DE,Web
3191,220,2026-05-28 16:21:00,Wire In,In,405.97,US,Mobile
2890,198,2026-05-28 16:44:00,Card Purchase,Out,10,US,Mobile
3103,213,2026-05-28 17:46:00,Cash Deposit,In,7532.99,US,Automated
1669,112,2026-05-28 18:11:00,Cash Withdrawal,Out,2925.08,SG,Mobile
804,58,2026-05-28 19:07:00,ACH Debit,Out,2592.92,US,Mobile
1100,76,2026-05-28 19:32:00,Card Purchase,Out,3098.69,SG,Automated
1161,80,2026-05-28 21:17:00,Cash Deposit,In,20,MX,Automated
3549,244,2026-05-28 21:50:00,Cash Withdrawal,Out,8111.27,US,Automated
225,19,2026-05-28 23:35:00,Card Purchase,Out,3476.38,US,Automated
1986,134,2026-05-29 01:29:00,Cash Deposit,In,1977.8,US,Mobile
1271,87,2026-05-29 02:58:00,Cash Deposit,In,257.17,MX,Automated
3443,237,2026-05-29 03:36:00,Wire In,In,1136.92,US,Automated
1196,82,2026-05-29 04:02:00,Cash Withdrawal,Out,353.03,SG,Web
2909,199,2026-05-29 04:45:00,Card Purchase,Out,2241.0,GB,Automated
2449,168,2026-05-29 04:58:00,Card Purchase,Out,2092.79,GB,Branch
16,1,2026-05-29 05:48:00,Cash Deposit,In,20,GB,Automated
3626,249,2026-05-29 08:09:00,Card Purchase,Out,11108.19,US,Mobile
722,52,2026-05-29 10:13:00,ACH Credit,In,1685.93,US,Automated
1700,113,2026-05-29 10:58:00,ACH Debit,Out,76.81,US,Branch
1639,109,2026-05-29 11:07:00,ACH Credit,In,6824.77,US,Mobile
228,19,2026-05-29 11:28:00,Wire Out,Out,3069.82,US,Branch
3023,207,2026-05-29 12:17:00,Wire Out,Out,885.25,US,Automated
1372,93,2026-05-29 15:47:00,Wire Out,Out,1285.04,US,Branch
1685,112,2026-05-29 16:17:00,Card Purchase,Out,2434.72,US,Automated
1980,134,2026-05-29 16:42:00,Cash Deposit,In,2277.72,US,Web
2368,161,2026-05-29 16:46:00,ACH Debit,Out,21.62,US,Branch
2660,180,2026-05-29 17:11:00,Card Purchase,Out,11802.1,US,Branch
1148,79,2026-05-29 18:21:00,Card Purchase,Out,2071.35,US,Mobile
67,6,2026-05-29 19:50:00,ACH Debit,Out,6234.57,US,Mobile
2861,197,2026-05-29 20:19:00,Wire In,In,45.72,US,Branch
1427,97,2026-05-29 20:40:00,Cash Deposit,In,4893.23,US,Mobile
2366,160,2026-05-29 20:43:00,ACH Debit,Out,1260.02,US,Web
1404,95,2026-05-29 21:08:00,ACH Credit,In,7371.84,US,Mobile
3456,238,2026-05-29 22:45:00,Card Purchase,Out,3597.59,US,Automated
2765,189,2026-05-29 23:22:00,Card Purchase,Out,2374.24,MX,Automated
799,57,2026-05-30 01:24:00,Wire In,In,4868.71,US,Mobile
3535,243,2026-05-30 01:26:00,Cash Deposit,In,1239.34,SG,Mobile
1984,134,2026-05-30 02:03:00,ACH Debit,Out,1092.3,US,Mobile
1447,98,2026-05-30 02:44:00,Card Purchase,Out,2522.25,DE,Mobile
316,25,2026-05-30 03:22:00,Card Purchase,Out,1705.65,US,Automated
2588,176,2026-05-30 03:48:00,Card Purchase,Out,3469.65,CA,Mobile
2494,171,2026-05-30 04:13:00,Card Purchase,Out,771.37,CA,Web
830,60,2026-05-30 04:24:00,Cash Withdrawal,Out,5820.95,US,Mobile
1977,133,2026-05-30 06:44:00,Cash Deposit,In,827.45,US,Branch
3074,212,2026-05-30 08:29:00,ACH Credit,In,2344.06,US,Mobile
2178,148,2026-05-30 09:07:00,ACH Credit,In,20,US,Mobile
2572,175,2026-05-30 09:37:00,Cash Withdrawal,Out,2018.17,US,Web
738,53,2026-05-30 09:47:00,Wire In,In,1909.02,US,Automated
2916,199,2026-05-30 09:51:00,Card Purchase,Out,1372.69,US,Branch
1050,73,2026-05-30 09:52:00,ACH Credit,In,5213.92,US,Automated
2228,151,2026-05-30 11:47:00,Cash Withdrawal,Out,3652.72,US,Automated
1243,85,2026-05-30 13:52:00,ACH Credit,In,5793.14,US,Automated
1154,80,2026-05-30 15:46:00,Card Purchase,Out,576.08,US,Web
1384,94,2026-05-30 17:25:00,Card Purchase,Out,2591.96,US,Automated
1506,102,2026-05-30 17:47:00,ACH Credit,In,41.35,US,Automated
1988,134,2026-05-30 17:48:00,Cash Withdrawal,Out,658.46,US,Automated
416,31,2026-05-30 17:49:00,ACH Debit,Out,332.96,US,Web
2443,167,2026-05-30 19:29:00,Card Purchase,Out,17.39,CA,Mobile
1074,75,2026-05-30 21:03:00,ACH Debit,Out,10,US,Mobile
1351,92,2026-05-30 22:21:00,Wire Out,Out,4020.93,US,Mobile
3270,224,2026-05-30 22:39:00,Card Purchase,Out,3741.67,US,Automated
346,27,2026-05-30 22:47:00,ACH Credit,In,20,US,Automated
1641,109,2026-05-30 23:00:00,Card Purchase,Out,10,US,Mobile
2541,173,2026-05-30 23:07:00,ACH Debit,Out,41.05,SG,Automated
2968,203,2026-05-31 00:46:00,Cash Deposit,In,755.2,US,Mobile
1129,78,2026-05-31 00:54:00,Card Purchase,Out,5373.49,US,Mobile
2633,179,2026-05-31 00:58:00,Cash Withdrawal,Out,3425.92,US,Branch
1289,88,2026-05-31 01:58:00,ACH Debit,Out,285.29,US,Web
2873,197,2026-05-31 02:08:00,Wire In,In,26.27,US,Mobile
1636,108,2026-05-31 02:34:00,Cash Deposit,In,20,US,Web
1407,95,2026-05-31 04:07:00,Card Purchase,Out,4647.6,US,Automated
1804,120,2026-05-31 07:16:00,ACH Credit,In,3314.23,MX,Automated
2003,135,2026-05-31 10:34:00,Wire In,In,5137.54,US,Mobile
2403,163,2026-05-31 10:45:00,ACH Credit,In,2927.86,US,Web
1610,107,2026-05-31 11:14:00,ACH Debit,Out,4554.71,US,Branch
1588,106,2026-05-31 12:08:00,Cash Withdrawal,Out,10,SG,Automated
1617,108,2026-05-31 12:18:00,Cash Deposit,In,2767.39,US,Mobile
1158,80,2026-05-31 12:38:00,Cash Deposit,In,3902.04,SG,Automated
1486,100,2026-05-31 12:52:00,Wire In,In,456.11,US,Web
179,15,2026-05-31 13:03:00,ACH Debit,Out,3946.23,US,Mobile
3384,233,2026-05-31 13:50:00,Cash Withdrawal,Out,2745.4,US,Automated
2208,150,2026-05-31 14:31:00,ACH Credit,In,1268.76,US,Web
1778,119,2026-05-31 17:10:00,Card Purchase,Out,10,US,Branch
2805,193,2026-05-31 17:22:00,ACH Debit,Out,10,US,Automated
2840,196,2026-05-31 19:02:00,Cash Withdrawal,Out,1093.83,US,Automated
1091,75,2026-05-31 19:22:00,Wire Out,Out,12084.1,US,Branch
3603,247,2026-05-31 21:45:00,ACH Debit,Out,287.5,US,Branch
1566,105,2026-05-31 22:53:00,ACH Debit,Out,2591.3,US,Automated
1845,123,2026-06-01 00:07:00,Cash Withdrawal,Out,157.65,US,Mobile
2320,157,2026-06-01 00:27:00,ACH Credit,In,9678.53,US,Mobile
922,65,2026-06-01 03:28:00,ACH Debit,Out,2158.69,US,Branch
1334,91,2026-06-01 05:09:00,ACH Credit,In,20,US,Mobile
2517,172,2026-06-01 05:11:00,ACH Debit,Out,1645.74,US,Automated
1328,90,2026-06-01 05:20:00,Card Purchase,Out,1850.84,US,Web
3237,222,2026-06-01 06:29:00,ACH Debit,Out,35.27,US,Branch
3400,234,2026-06-01 08:07:00,Wire In,In,3465.33,US,Web
276,22,2026-06-01 14:25:00,Cash Deposit,In,20,US,Web
2601,177,2026-06-01 15:05:00,Card Purchase,Out,1263.39,CA,Web
790,56,2026-06-01 16:45:00,ACH Debit,Out,11.4,US,Web
3565,245,2026-06-01 16:46:00,ACH Credit,In,2513.91,US,Mobile
1603,107,2026-06-01 18:15:00,ACH Credit,In,7121.95,US,Web
3312,228,2026-06-01 19:58:00,Card Purchase,Out,6118.39,US,Branch
2156,145,2026-06-01 20:06:00,ACH Credit,In,1469.75,US,Web
2957,203,2026-06-01 20:21:00,Card Purchase,Out,11.36,US,Automated
3329,230,2026-06-01 20:24:00,Cash Deposit,In,3916.19,US,Automated
2671,181,2026-06-01 22:15:00,Card Purchase,Out,2062.44,US,Web
1917,129,2026-06-01 22:37:00,ACH Debit,Out,2096.55,US,Automated
489,36,2026-06-01 22:56:00,Cash Withdrawal,Out,1755.35,US,Web
534,39,2026-06-01 23:46:00,ACH Credit,In,1833.44,US,Web
928,66,2026-06-02 02:47:00,Wire In,In,60.54,GB,Mobile
3364,232,2026-06-02 03:49:00,ACH Debit,Out,10,US,Web
2892,198,2026-06-02 04:20:00,Cash Withdrawal,Out,6134.58,US,Mobile
2148,145,2026-06-02 07:26:00,ACH Credit,In,2572.72,US,Mobile
956,67,2026-06-02 09:30:00,Card Purchase,Out,3774.99,US,Branch
1367,93,2026-06-02 10:31:00,ACH Debit,Out,2878.34,US,Branch
252,21,2026-06-02 10:37:00,Wire In,In,3307.54,US,Automated
237,20,2026-06-02 11:56:00,ACH Credit,In,59.09,US,Automated
3540,243,2026-06-02 13:12:00,ACH Credit,In,3463.64,US,Automated
2720,186,2026-06-02 15:19:00,Cash Withdrawal,Out,10,US,Branch
3278,225,2026-06-02 16:11:00,Wire Out,Out,2967.38,US,Branch
1902,128,2026-06-02 16:33:00,Card Purchase,Out,7393.32,US,Web
2789,191,2026-06-02 18:56:00,ACH Credit,In,20,US,Automated
2468,169,2026-06-02 21:03:00,Card Purchase,Out,6087.18,US,Mobile
709,51,2026-06-02 21:07:00,Wire In,In,58.03,GB,Web
234,20,2026-06-02 21:28:00,Cash Withdrawal,Out,10,US,Web
145,12,2026-06-02 22:03:00,Wire In,In,20,US,Automated
1960,132,2026-06-02 23:09:00,Card Purchase,Out,10,US,Automated
2522,172,2026-06-03 00:42:00,Card Purchase,Out,802.52,US,Automated
2715,185,2026-06-03 00:42:00,Card Purchase,Out,535.71,US,Branch
2750,188,2026-06-03 04:45:00,ACH Credit,In,3349.99,US,Automated
3547,244,2026-06-03 04:59:00,Cash Deposit,In,2862.55,GB,Branch
161,14,2026-06-03 05:34:00,Cash Withdrawal,Out,2332.95,DE,Mobile
1552,104,2026-06-03 06:55:00,Cash Deposit,In,4751.59,US,Mobile
3546,244,2026-06-03 08:00:00,Wire In,In,4141.19,US,Branch
3079,212,2026-06-03 08:26:00,Cash Withdrawal,Out,1570.44,US,Web
1462,99,2026-06-03 09:20:00,Card Purchase,Out,1103.09,GB,Web
3251,223,2026-06-03 11:38:00,Wire In,In,10664.14,US,Automated
1911,128,2026-06-03 12:18:00,ACH Credit,In,3468.95,US,Branch
2120,142,2026-06-03 12:30:00,Card Purchase,Out,10,US,Web
1752,116,2026-06-03 13:46:00,Cash Withdrawal,Out,48.53,US,Web
886,63,2026-06-03 18:17:00,Card Purchase,Out,3756.37,US,Web
2988,204,2026-06-03 21:53:00,ACH Debit,Out,3461.74,GB,Automated
3275,225,2026-06-03 22:01:00,Card Purchase,Out,3586.54,SG,Web
2513,172,2026-06-03 23:30:00,Wire In,In,2479.63,SG,Mobile
2836,195,2026-06-04 00:15:00,Card Purchase,Out,10,US,Web
63,6,2026-06-04 00:31:00,Cash Deposit,In,869.6,US,Automated
406,30,2026-06-04 01:23:00,ACH Debit,Out,17.83,US,Branch
331,26,2026-06-04 01:42:00,ACH Credit,In,20,US,Mobile
3252,223,2026-06-04 03:35:00,ACH Credit,In,5662.82,US,Mobile
2232,151,2026-06-04 03:38:00,ACH Debit,Out,1846.66,US,Web
1468,99,2026-06-04 03:40:00,ACH Credit,In,3678.85,US,Automated
1204,83,2026-06-04 04:33:00,Card Purchase,Out,2360.02,MX,Automated
1340,91,2026-06-04 04:49:00,ACH Credit,In,1482.69,US,Branch
3464,238,2026-06-04 05:52:00,Card Purchase,Out,10,US,Automated
2768,190,2026-06-04 08:21:00,Cash Deposit,In,40.52,US,Mobile
3083,212,2026-06-04 08:55:00,Cash Deposit,In,20,DE,Web
2906,199,2026-06-04 10:24:00,ACH Debit,Out,2174.81,US,Automated
2189,148,2026-06-04 11:08:00,Card Purchase,Out,918.99,US,Web
1512,102,2026-06-04 11:45:00,ACH Credit,In,20,US,Web
1998,135,2026-06-04 16:52:00,Card Purchase,Out,1818.95,DE,Branch
2936,201,2026-06-04 19:50:00,Wire In,In,926.4,US,Mobile
3357,232,2026-06-04 21:48:00,Wire In,In,2077.91,US,Branch
90,8,2026-06-04 22:13:00,Wire Out,Out,705.17,US,Branch
825,59,2026-06-05 00:41:00,Cash Deposit,In,469.63,US,Web
1448,98,2026-06-05 00:57:00,Cash Withdrawal,Out,1804.31,US,Automated
2973,204,2026-06-05 01:16:00,ACH Debit,Out,1451.87,US,Web
694,50,2026-06-05 01:41:00,ACH Debit,Out,23.92,US,Branch
2216,150,2026-06-05 02:55:00,Cash Withdrawal,Out,6082.93,US,Web
1715,114,2026-06-05 03:12:00,ACH Credit,In,9807.98,US,Web
786,56,2026-06-05 07:10:00,ACH Debit,Out,70.46,US,Mobile
991,70,2026-06-05 07:15:00,Wire In,In,1781.42,US,Mobile
3218,222,2026-06-05 07:32:00,ACH Debit,Out,31.03,US,Mobile
1559,105,2026-06-05 07:37:00,Card Purchase,Out,10,US,Automated
3366,232,2026-06-05 08:35:00,Cash Withdrawal,Out,272.39,US,Automated
674,48,2026-06-05 08:40:00,Cash Withdrawal,Out,4804.65,US,Automated
499,36,2026-06-05 10:21:00,ACH Credit,In,20,US,Web
3554,244,2026-06-05 10:38:00,ACH Credit,In,2937.18,US,Mobile
3240,223,2026-06-05 12:15:00,Cash Deposit,In,20,CA,Branch
2507,171,2026-06-05 12:46:00,ACH Debit,Out,576.02,DE,Mobile
2673,181,2026-06-05 13:12:00,ACH Debit,Out,4243.51,US,Automated
3282,226,2026-06-05 13:21:00,Wire In,In,913.56,US,Web
3076,212,2026-06-05 13:29:00,ACH Credit,In,20,DE,Mobile
2486,170,2026-06-05 15:05:00,ACH Debit,Out,3222.21,US,Branch
3186,220,2026-06-05 15:33:00,Card Purchase,Out,298.73,US,Automated
3299,227,2026-06-05 16:01:00,Card Purchase,Out,2386.92,US,Automated
1653,110,2026-06-05 16:21:00,ACH Debit,Out,3035.31,GB,Automated
2833,195,2026-06-05 16:44:00,ACH Credit,In,14323.01,US,Web
1754,117,2026-06-05 17:10:00,Cash Withdrawal,Out,761.26,US,Web
2636,179,2026-06-05 18:17:00,Wire Out,Out,4684.56,US,Branch
1785,119,2026-06-05 20:14:00,Cash Withdrawal,Out,1181.68,US,Web
1229,85,2026-06-05 20:32:00,ACH Credit,In,5562.71,GB,Mobile
598,43,2026-06-05 22:13:00,ACH Credit,In,2843.01,US,Web
292,23,2026-06-05 22:50:00,Wire In,In,20,SG,Mobile
1670,112,2026-06-05 22:53:00,ACH Debit,Out,10,US,Mobile
2911,199,2026-06-05 23:48:00,ACH Credit,In,1900.06,CA,Branch
1760,117,2026-06-06 00:35:00,ACH Credit,In,595.08,GB,Branch
323,25,2026-06-06 01:49:00,Card Purchase,Out,2898.03,US,Web
3209,221,2026-06-06 05:01:00,Card Purchase,Out,10,US,Branch
630,45,2026-06-06 06:49:00,ACH Credit,In,9683.59,US,Automated
2323,157,2026-06-06 09:14:00,ACH Debit,Out,10,US,Mobile
330,26,2026-06-06 10:05:00,ACH Debit,Out,16.85,US,Mobile
1688,113,2026-06-06 10:47:00,Wire In,In,166.18,CA,Branch
2557,175,2026-06-06 10:49:00,Cash Deposit,In,956.63,US,Automated
1053,73,2026-06-06 15:38:00,ACH Credit,In,20,US,Mobile
587,43,2026-06-06 16:07:00,Cash Withdrawal,Out,1289.91,US,Mobile
2384,162,2026-06-06 16:41:00,ACH Debit,Out,1303.18,US,Branch
1580,105,2026-06-06 17:06:00,ACH Debit,Out,10,CA,Mobile
1076,75,2026-06-06 17:07:00,ACH Debit,Out,5647.03,US,Mobile
3078,212,2026-06-06 17:34:00,Wire In,In,2439.82,US,Mobile
2931,201,2026-06-06 17:38:00,ACH Credit,In,1438.65,US,Mobile
10,1,2026-06-06 17:41:00,Wire Out,Out,1347.71,US,Automated
30,3,2026-06-06 19:22:00,ACH Debit,Out,3230.43,US,Automated
393,29,2026-06-06 20:58:00,ACH Credit,In,40.1,US,Web
2089,141,2026-06-06 21:38:00,Wire In,In,1034.02,US,Web
2264,153,2026-06-06 21:59:00,Cash Deposit,In,7533.24,MX,Mobile
3022,207,2026-06-06 23:23:00,Cash Withdrawal,Out,2947.23,US,Automated
3658,45,2026-06-07 00:00:00,Wire In,In,7971.22,US,Web
3703,236,2026-06-07 00:00:00,Cash Deposit,In,2154.18,US,Branch
3707,212,2026-06-07 00:00:00,Wire Out,Out,5134.48,SG,Web
291,23,2026-06-07 04:09:00,ACH Debit,Out,6665.72,SG,Mobile
86,7,2026-06-07 04:30:00,ACH Debit,Out,8628.71,US,Mobile
3704,236,2026-06-07 06:00:00,Cash Deposit,In,2079.07,US,Branch
3479,239,2026-06-07 07:05:00,ACH Credit,In,11379.58,US,Mobile
1123,78,2026-06-07 07:14:00,Card Purchase,Out,9444.81,US,Web
1632,108,2026-06-07 07:24:00,Cash Deposit,In,3327.38,US,Branch
3258,224,2026-06-07 07:59:00,Card Purchase,Out,1504.78,US,Mobile
2651,179,2026-06-07 08:51:00,Cash Withdrawal,Out,2256.26,US,Web
2303,156,2026-06-07 10:36:00,Card Purchase,Out,514.99,US,Automated
2667,181,2026-06-07 10:55:00,Wire In,In,1292.65,US,Web
557,40,2026-06-07 10:58:00,Card Purchase,Out,405.63,US,Branch
829,59,2026-06-07 11:30:00,ACH Debit,Out,3500.92,US,Automated
3705,236,2026-06-07 12:00:00,Cash Deposit,In,2980.96,US,Branch
2731,187,2026-06-07 12:50:00,Cash Withdrawal,Out,148.78,US,Branch
3659,45,2026-06-07 14:00:00,Wire Out,Out,7741.93,MX,Web
3071,211,2026-06-07 15:34:00,Card Purchase,Out,4992.23,US,Automated
509,37,2026-06-07 16:30:00,Cash Deposit,In,3575.82,US,Automated
398,29,2026-06-07 16:46:00,ACH Credit,In,20,US,Branch
3706,236,2026-06-07 18:00:00,Cash Deposit,In,3173.85,US,Branch
3383,233,2026-06-07 19:11:00,Cash Withdrawal,Out,2925.14,US,Automated
139,12,2026-06-07 21:23:00,ACH Debit,Out,6460.32,US,Branch
3708,212,2026-06-08 00:00:00,Wire Out,Out,5804.98,MX,Web
1425,97,2026-06-08 02:02:00,Cash Withdrawal,Out,3698.42,US,Web
3571,245,2026-06-08 02:04:00,Card Purchase,Out,3967.42,US,Mobile
660,47,2026-06-08 03:13:00,Cash Withdrawal,Out,983.74,MX,Mobile
1726,115,2026-06-08 04:14:00,ACH Credit,In,20,DE,Branch
1488,100,2026-06-08 04:41:00,Cash Withdrawal,Out,253.17,US,Branch
3576,245,2026-06-08 05:42:00,Card Purchase,Out,2654.27,DE,Web
60,5,2026-06-08 06:15:00,ACH Debit,Out,6182.99,US,Branch
2245,152,2026-06-08 06:27:00,ACH Credit,In,1446.3,US,Automated
1943,131,2026-06-08 10:18:00,Cash Deposit,In,524.56,US,Web
3035,208,2026-06-08 10:34:00,ACH Debit,Out,10,US,Mobile
2703,184,2026-06-08 10:40:00,ACH Credit,In,20,US,Mobile
3187,220,2026-06-08 12:01:00,Card Purchase,Out,392.94,DE,Branch
1428,97,2026-06-08 16:24:00,ACH Credit,In,2649.98,US,Web
112,10,2026-06-08 16:39:00,Card Purchase,Out,10,US,Web
1206,83,2026-06-08 16:46:00,Cash Withdrawal,Out,1513.93,US,Automated
2562,175,2026-06-08 17:05:00,Card Purchase,Out,2928.86,US,Branch
909,64,2026-06-08 17:09:00,ACH Debit,Out,3168.76,US,Branch
1939,131,2026-06-08 17:25:00,Card Purchase,Out,927.25,US,Web
2798,192,2026-06-08 18:04:00,Cash Withdrawal,Out,2197.17,DE,Automated
58,5,2026-06-08 18:43:00,ACH Credit,In,4537.21,US,Web
2175,147,2026-06-08 19:46:00,Cash Withdrawal,Out,1847.89,CA,Mobile
2668,181,2026-06-08 20:09:00,Card Purchase,Out,10,SG,Branch
1182,82,2026-06-08 20:43:00,Card Purchase,Out,432.61,SG,Web
3118,215,2026-06-08 21:37:00,ACH Credit,In,5831.24,US,Web
1151,80,2026-06-08 21:54:00,Card Purchase,Out,1133.53,GB,Automated
3709,212,2026-06-09 00:00:00,Wire Out,Out,5425.11,GB,Web
911,65,2026-06-09 00:02:00,Card Purchase,Out,3219.44,US,Automated
1386,94,2026-06-09 00:58:00,Card Purchase,Out,5020.44,US,Automated
3497,240,2026-06-09 01:26:00,Card Purchase,Out,1996.98,US,Branch
3568,245,2026-06-09 03:46:00,Card Purchase,Out,3787.04,US,Web
2998,205,2026-06-09 08:20:00,Wire In,In,5257.2,US,Mobile
1829,122,2026-06-09 11:30:00,Wire Out,Out,10,US,Branch
771,55,2026-06-09 11:54:00,Cash Deposit,In,1374.35,US,Web
1130,78,2026-06-09 15:18:00,Cash Withdrawal,Out,10,US,Mobile
2722,186,2026-06-09 17:19:00,ACH Debit,Out,1293.35,US,Mobile
3392,234,2026-06-09 18:19:00,ACH Credit,In,4843.87,CA,Web
1325,90,2026-06-09 19:40:00,ACH Debit,Out,3807.39,US,Automated
791,56,2026-06-09 19:52:00,Wire Out,Out,17.04,US,Mobile
2061,138,2026-06-09 19:55:00,Wire In,In,7150.78,US,Branch
3024,207,2026-06-09 20:51:00,Cash Deposit,In,2380.95,DE,Branch
387,29,2026-06-09 21:55:00,ACH Debit,Out,17.52,SG,Branch
3710,212,2026-06-10 00:00:00,Wire Out,Out,7771.41,GB,Web
2591,176,2026-06-10 03:04:00,ACH Debit,Out,3234.09,US,Automated
1120,78,2026-06-10 04:25:00,ACH Credit,In,7444.75,US,Web
637,46,2026-06-10 04:29:00,ACH Credit,In,328.04,DE,Branch
2409,164,2026-06-10 05:07:00,Card Purchase,Out,2757.59,US,Mobile
1159,80,2026-06-10 05:43:00,Wire Out,Out,1025.68,US,Web
341,26,2026-06-10 08:04:00,Cash Deposit,In,23.74,US,Web
2708,185,2026-06-10 08:24:00,ACH Debit,Out,10,US,Mobile
200,17,2026-06-10 08:28:00,Card Purchase,Out,2017.04,US,Web
3351,232,2026-06-10 08:50:00,ACH Debit,Out,1119.61,US,Automated
3381,233,2026-06-10 09:41:00,Card Purchase,Out,1154.15,US,Branch
1078,75,2026-06-10 09:48:00,Wire In,In,2393.24,US,Web
415,31,2026-06-10 11:54:00,ACH Debit,Out,797.45,US,Web
3077,212,2026-06-10 13:20:00,Card Purchase,Out,1667.41,US,Mobile
577,42,2026-06-10 13:52:00,Cash Withdrawal,Out,1775.12,US,Branch
211,18,2026-06-10 14:35:00,ACH Credit,In,1136.25,GB,Mobile
455,33,2026-06-10 15:10:00,ACH Credit,In,277.02,US,Branch
2960,203,2026-06-10 15:58:00,Card Purchase,Out,613.51,US,Automated
2477,170,2026-06-10 17:14:00,Card Purchase,Out,3097.13,US,Branch
272,22,2026-06-10 18:36:00,ACH Debit,Out,2558.54,US,Branch
1354,92,2026-06-10 21:08:00,Card Purchase,Out,1349.93,US,Mobile
2105,141,2026-06-10 21:35:00,Card Purchase,Out,10,US,Web
1724,114,2026-06-10 21:58:00,Cash Withdrawal,Out,10,US,Mobile
418,31,2026-06-10 22:45:00,Wire In,In,612.19,US,Automated
1937,130,2026-06-11 01:19:00,Card Purchase,Out,1391.55,GB,Branch
329,26,2026-06-11 01:57:00,Card Purchase,Out,31.6,US,Branch
2412,164,2026-06-11 02:17:00,Cash Withdrawal,Out,3442.36,US,Branch
3428,236,2026-06-11 07:12:00,ACH Credit,In,3459.16,MX,Automated
1124,78,2026-06-11 08:10:00,Wire In,In,6871.82,US,Automated
3167,219,2026-06-11 08:43:00,Card Purchase,Out,5417.05,US,Branch
1051,73,2026-06-11 09:01:00,Cash Withdrawal,Out,1293.23,US,Mobile
2969,203,2026-06-11 09:24:00,Wire Out,Out,40.31,US,Branch
560,40,2026-06-11 10:03:00,Cash Withdrawal,Out,2498.45,US,Mobile
1900,128,2026-06-11 11:19:00,Cash Deposit,In,5402.36,US,Mobile
40,3,2026-06-11 12:09:00,Card Purchase,Out,4122.72,US,Automated
3250,223,2026-06-11 12:59:00,Cash Deposit,In,2196.32,US,Web
1861,124,2026-06-11 17:29:00,Card Purchase,Out,22.9,US,Mobile
2469,169,2026-06-11 17:31:00,ACH Debit,Out,4426.84,US,Mobile
755,54,2026-06-11 17:46:00,Card Purchase,Out,6249.43,US,Automated
1266,86,2026-06-11 18:13:00,Card Purchase,Out,687.57,US,Web
2974,204,2026-06-11 19:26:00,Cash Deposit,In,1803.2,US,Mobile
1295,88,2026-06-11 20:07:00,ACH Debit,Out,19.95,SG,Web
1023,71,2026-06-11 21:55:00,ACH Debit,Out,1199.27,US,Web
1704,113,2026-06-11 22:04:00,ACH Credit,In,135.9,US,Web
1671,112,2026-06-12 00:43:00,ACH Debit,Out,2776.13,US,Web
1062,74,2026-06-12 01:21:00,Cash Withdrawal,Out,3015.1,US,Automated
2034,137,2026-06-12 01:34:00,ACH Debit,Out,1193.94,US,Mobile
1013,71,2026-06-12 03:10:00,Card Purchase,Out,5448.26,US,Automated
3550,244,2026-06-12 04:44:00,Wire In,In,11989.81,US,Web
2926,200,2026-06-12 06:44:00,ACH Debit,Out,32.86,US,Branch
169,14,2026-06-12 07:45:00,ACH Credit,In,2588.92,US,Branch
1236,85,2026-06-12 07:54:00,ACH Debit,Out,10,DE,Mobile
1533,103,2026-06-12 08:20:00,ACH Debit,Out,26.12,US,Mobile
1581,106,2026-06-12 08:29:00,ACH Credit,In,471.56,US,Mobile
87,8,2026-06-12 10:55:00,Wire Out,Out,1104.27,US,Web
1975,133,2026-06-12 11:20:00,Wire Out,Out,10,US,Branch
2757,189,2026-06-12 11:48:00,Cash Withdrawal,Out,10,US,Web
199,17,2026-06-12 13:51:00,Card Purchase,Out,5600.04,US,Automated
27,2,2026-06-12 15:21:00,Card Purchase,Out,39.43,US,Branch
2737,187,2026-06-12 15:29:00,ACH Credit,In,2496.39,US,Mobile
1613,107,2026-06-12 15:45:00,ACH Credit,In,7580.18,US,Web
3518,242,2026-06-12 17:09:00,Card Purchase,Out,3549.69,US,Branch
1563,105,2026-06-12 18:03:00,Wire In,In,3911.65,US,Mobile
1297,88,2026-06-12 18:42:00,ACH Debit,Out,10,US,Branch
212,18,2026-06-12 22:56:00,Card Purchase,Out,1312.85,US,Mobile
1247,85,2026-06-12 23:07:00,ACH Debit,Out,10,US,Branch
56,5,2026-06-13 00:22:00,Card Purchase,Out,7106.96,DE,Branch
609,44,2026-06-13 01:25:00,ACH Debit,Out,452.02,US,Web
5,1,2026-06-13 01:45:00,Wire Out,Out,1722.23,US,Branch
2406,164,2026-06-13 02:52:00,ACH Debit,Out,7039.91,US,Mobile
2108,141,2026-06-13 03:11:00,Card Purchase,Out,10,US,Mobile
2829,195,2026-06-13 05:45:00,Card Purchase,Out,1954.52,MX,Web
3483,240,2026-06-13 05:49:00,Cash Withdrawal,Out,1342.31,US,Automated
1649,110,2026-06-13 06:27:00,Wire Out,Out,2563.98,US,Branch
2413,164,2026-06-13 08:26:00,Wire Out,Out,8700.0,US,Automated
1892,127,2026-06-13 09:54:00,Card Purchase,Out,1441.5,US,Web
1545,104,2026-06-13 10:07:00,Wire In,In,6221.22,US,Automated
913,65,2026-06-13 10:53:00,Card Purchase,Out,2376.73,CA,Mobile
97,8,2026-06-13 11:27:00,ACH Credit,In,671.76,US,Branch
880,63,2026-06-13 11:43:00,ACH Credit,In,3293.87,US,Branch
2848,196,2026-06-13 12:19:00,ACH Debit,Out,1119.02,US,Branch
1747,116,2026-06-13 12:51:00,ACH Debit,Out,25.09,US,Branch
1909,128,2026-06-13 13:29:00,ACH Debit,Out,2284.45,US,Automated
2352,159,2026-06-13 16:33:00,Card Purchase,Out,357.12,US,Web
982,69,2026-06-13 16:53:00,ACH Debit,Out,1254.77,US,Branch
849,61,2026-06-13 17:11:00,Wire Out,Out,1133.51,DE,Mobile
2675,181,2026-06-13 18:14:00,Cash Deposit,In,2509.77,US,Branch
1424,97,2026-06-13 19:56:00,Cash Withdrawal,Out,1981.53,US,Branch
35,3,2026-06-13 20:24:00,ACH Debit,Out,1278.33,DE,Automated
2055,138,2026-06-13 20:30:00,Wire Out,Out,7101.33,GB,Automated
2812,194,2026-06-13 22:23:00,Card Purchase,Out,476.43,US,Branch
3570,245,2026-06-13 22:30:00,Cash Withdrawal,Out,2294.88,US,Automated
923,65,2026-06-14 00:07:00,ACH Credit,In,12634.7,US,Web
1557,104,2026-06-14 02:11:00,Cash Deposit,In,20,DE,Web
1979,133,2026-06-14 02:13:00,Card Purchase,Out,1406.91,SG,Automated
1599,106,2026-06-14 03:05:00,ACH Debit,Out,13.24,US,Web
2694,183,2026-06-14 04:24:00,Cash Deposit,In,20,CA,Automated
1125,78,2026-06-14 04:54:00,Card Purchase,Out,3310.18,US,Web
1518,102,2026-06-14 06:03:00,Wire In,In,20,US,Web
3618,248,2026-06-14 06:59:00,Card Purchase,Out,7167.45,US,Web
3534,243,2026-06-14 09:04:00,Card Purchase,Out,3850.36,US,Branch
1538,103,2026-06-14 09:07:00,Card Purchase,Out,37.78,US,Automated
2193,149,2026-06-14 10:55:00,ACH Debit,Out,285.11,US,Branch
3478,239,2026-06-14 12:11:00,Card Purchase,Out,4119.27,US,Mobile
1934,130,2026-06-14 12:59:00,ACH Credit,In,20,US,Mobile
83,7,2026-06-14 17:06:00,Cash Withdrawal,Out,1886.42,US,Mobile
204,18,2026-06-14 17:13:00,Cash Withdrawal,Out,1766.43,US,Mobile
266,22,2026-06-14 17:21:00,ACH Credit,In,2840.95,US,Branch
413,31,2026-06-14 18:02:00,Cash Withdrawal,Out,1416.18,US,Mobile
3372,233,2026-06-14 21:18:00,Wire In,In,1771.76,US,Branch
2827,195,2026-06-14 21:34:00,Wire In,In,5527.94,US,Web
546,39,2026-06-15 02:18:00,Card Purchase,Out,10,US,Mobile
1348,91,2026-06-15 04:00:00,Card Purchase,Out,1137.78,US,Automated
1918,129,2026-06-15 04:13:00,Cash Withdrawal,Out,735.17,US,Branch
1884,126,2026-06-15 04:27:00,Card Purchase,Out,1968.96,US,Automated
271,22,2026-06-15 04:50:00,ACH Credit,In,4624.47,US,Branch
223,19,2026-06-15 05:38:00,Card Purchase,Out,652.49,GB,Web
1262,86,2026-06-15 05:41:00,Card Purchase,Out,1642.51,US,Web
516,37,2026-06-15 10:49:00,ACH Credit,In,3718.78,US,Mobile
2239,151,2026-06-15 15:17:00,ACH Debit,Out,2296.66,US,Web
1835,123,2026-06-15 17:06:00,ACH Debit,Out,5808.06,US,Mobile
2033,137,2026-06-15 17:48:00,Cash Withdrawal,Out,1162.05,US,Web
1434,97,2026-06-15 21:00:00,ACH Credit,In,16437.54,US,Branch
2881,198,2026-06-15 21:24:00,Card Purchase,Out,2130.78,US,Mobile
1915,129,2026-06-15 21:49:00,Card Purchase,Out,1066.39,US,Web
898,64,2026-06-16 00:27:00,ACH Debit,Out,4681.79,US,Web
2019,136,2026-06-16 02:21:00,Cash Deposit,In,7146.25,US,Automated
2751,188,2026-06-16 03:57:00,Card Purchase,Out,2317.77,US,Mobile
876,63,2026-06-16 04:19:00,Wire Out,Out,1446.75,US,Branch
2190,148,2026-06-16 04:35:00,Cash Withdrawal,Out,800.91,US,Web
1697,113,2026-06-16 06:21:00,Wire In,In,267.28,US,Branch
3257,224,2026-06-16 06:38:00,Card Purchase,Out,88.18,US,Branch
2491,170,2026-06-16 06:43:00,Cash Withdrawal,Out,1393.26,US,Mobile
1375,93,2026-06-16 06:56:00,Cash Deposit,In,5919.95,US,Branch
2759,189,2026-06-16 08:44:00,Cash Deposit,In,20,US,Mobile
2292,155,2026-06-16 09:20:00,Cash Withdrawal,Out,1225.21,US,Automated
3005,206,2026-06-16 09:22:00,Wire In,In,4476.17,US,Web
1387,94,2026-06-16 12:11:00,Cash Deposit,In,2720.73,CA,Branch
2465,169,2026-06-16 14:50:00,ACH Credit,In,5381.48,US,Branch
811,58,2026-06-16 15:41:00,Card Purchase,Out,641.59,SG,Web
1787,119,2026-06-16 16:05:00,ACH Credit,In,3039.51,US,Mobile
1071,74,2026-06-16 23:37:00,Card Purchase,Out,954.38,US,Mobile
2430,166,2026-06-17 00:25:00,Cash Deposit,In,3121.4,US,Automated
567,41,2026-06-17 00:48:00,ACH Credit,In,13016.17,US,Automated
1936,130,2026-06-17 00:51:00,Wire Out,Out,10,MX,Branch
3146,217,2026-06-17 02:39:00,ACH Debit,Out,2894.97,SG,Automated
2536,173,2026-06-17 04:55:00,ACH Debit,Out,22.9,US,Web
1797,120,2026-06-17 05:06:00,Card Purchase,Out,4073.43,CA,Branch
2653,180,2026-06-17 05:56:00,Cash Withdrawal,Out,6865.19,US,Web
1096,76,2026-06-17 07:23:00,Card Purchase,Out,1421.29,US,Automated
2625,178,2026-06-17 07:49:00,Card Purchase,Out,1818.82,US,Mobile
3362,232,2026-06-17 08:08:00,ACH Credit,In,978.94,US,Branch
954,67,2026-06-17 11:24:00,Cash Deposit,In,4705.17,US,Automated
3607,247,2026-06-17 12:41:00,ACH Credit,In,605.67,US,Mobile
2721,186,2026-06-17 13:42:00,ACH Debit,Out,107.81,US,Automated
2954,203,2026-06-17 14:03:00,Cash Deposit,In,20,US,Automated
2147,145,2026-06-17 17:32:00,Cash Deposit,In,738.14,US,Mobile
889,64,2026-06-17 18:06:00,ACH Credit,In,4729.28,US,Branch
3295,227,2026-06-17 21:13:00,ACH Credit,In,2161.09,US,Mobile
3494,240,2026-06-17 21:21:00,Card Purchase,Out,639.89,US,Mobile
2691,183,2026-06-17 22:49:00,Card Purchase,Out,1662.66,US,Branch
3281,226,2026-06-17 23:06:00,Card Purchase,Out,1027.61,US,Mobile
192,16,2026-06-18 00:11:00,Card Purchase,Out,10,US,Web
498,36,2026-06-18 01:22:00,Card Purchase,Out,1021.8,US,Web
903,64,2026-06-18 01:37:00,Wire In,In,629.48,US,Mobile
1628,108,2026-06-18 02:09:00,ACH Debit,Out,469.84,US,Automated
312,25,2026-06-18 04:09:00,Card Purchase,Out,2737.21,US,Web
1218,84,2026-06-18 06:00:00,Card Purchase,Out,7612.03,US,Automated
1025,71,2026-06-18 06:39:00,Cash Withdrawal,Out,5369.0,US,Mobile
113,10,2026-06-18 08:03:00,Wire Out,Out,2195.27,CA,Branch
1558,104,2026-06-18 09:47:00,Wire Out,Out,2316.84,US,Automated
1279,87,2026-06-18 11:13:00,ACH Credit,In,569.62,US,Branch
3271,224,2026-06-18 11:54:00,ACH Credit,In,5070.39,US,Web
37,3,2026-06-18 12:54:00,ACH Debit,Out,7764.34,US,Branch
1676,112,2026-06-18 13:33:00,Cash Deposit,In,5072.97,US,Mobile
532,38,2026-06-18 13:38:00,Cash Withdrawal,Out,1366.81,US,Web
2483,170,2026-06-18 14:35:00,Card Purchase,Out,1065.81,CA,Web
2620,178,2026-06-18 15:38:00,ACH Credit,In,3174.06,US,Automated
417,31,2026-06-18 18:44:00,Wire In,In,1195.68,US,Automated
1108,76,2026-06-18 18:49:00,ACH Credit,In,20,US,Mobile
3311,228,2026-06-18 18:55:00,Cash Withdrawal,Out,3949.16,US,Branch
2317,157,2026-06-18 21:09:00,Card Purchase,Out,1040.99,MX,Mobile
1163,80,2026-06-18 21:24:00,ACH Credit,In,3061.37,US,Branch
1914,129,2026-06-18 21:35:00,Wire Out,Out,2130.5,US,Mobile
1816,121,2026-06-18 21:41:00,ACH Credit,In,454.33,US,Branch
365,28,2026-06-19 00:14:00,Cash Deposit,In,3098.2,US,Branch
1174,81,2026-06-19 02:11:00,Card Purchase,Out,458.92,US,Mobile
3243,223,2026-06-19 02:13:00,Wire In,In,2655.64,US,Branch
1921,129,2026-06-19 02:15:00,Cash Deposit,In,164.35,CA,Mobile
3493,240,2026-06-19 03:23:00,ACH Debit,Out,1682.91,US,Branch
1393,94,2026-06-19 03:32:00,Card Purchase,Out,676.79,US,Automated
1200,83,2026-06-19 04:03:00,Card Purchase,Out,34.28,US,Web
2157,145,2026-06-19 05:31:00,Cash Deposit,In,884.14,US,Automated
335,26,2026-06-19 06:05:00,ACH Debit,Out,15.59,GB,Automated
3594,247,2026-06-19 06:35:00,ACH Debit,Out,189.79,US,Automated
2104,141,2026-06-19 06:46:00,Wire In,In,2146.84,GB,Automated
1875,125,2026-06-19 08:29:00,Wire Out,Out,2543.73,GB,Automated
1534,103,2026-06-19 09:43:00,Card Purchase,Out,23.87,US,Automated
2060,138,2026-06-19 09:54:00,ACH Credit,In,3749.26,US,Mobile
3343,231,2026-06-19 10:34:00,Card Purchase,Out,3690.2,US,Web
1388,94,2026-06-19 10:51:00,ACH Credit,In,6631.34,US,Branch
2647,179,2026-06-19 10:59:00,Wire In,In,757.28,CA,Web
673,48,2026-06-19 11:07:00,Cash Deposit,In,11995.1,US,Branch
322,25,2026-06-19 11:50:00,ACH Credit,In,4038.97,US,Web
1762,117,2026-06-19 13:20:00,Cash Deposit,In,20,US,Automated
1397,94,2026-06-19 14:09:00,ACH Debit,Out,4475.11,US,Branch
1066,74,2026-06-19 15:06:00,Card Purchase,Out,3228.85,CA,Web
2775,190,2026-06-19 16:00:00,Cash Deposit,In,55.78,MX,Mobile
2766,190,2026-06-19 19:06:00,ACH Debit,Out,128.8,US,Mobile
901,64,2026-06-19 19:17:00,Wire Out,Out,10,US,Mobile
2898,199,2026-06-19 20:38:00,ACH Debit,Out,2780.62,DE,Mobile
1286,88,2026-06-19 22:45:00,Cash Withdrawal,Out,139.54,US,Branch
115,10,2026-06-20 01:55:00,Cash Deposit,In,2638.61,US,Mobile
828,59,2026-06-20 02:32:00,Cash Deposit,In,4841.59,US,Automated
1773,118,2026-06-20 04:00:00,Cash Withdrawal,Out,797.92,SG,Branch
53,4,2026-06-20 04:56:00,Card Purchase,Out,462.99,US,Automated
3640,250,2026-06-20 05:47:00,Card Purchase,Out,31.63,US,Mobile
2813,194,2026-06-20 06:56:00,Cash Withdrawal,Out,1945.67,US,Automated
1882,126,2026-06-20 07:51:00,Card Purchase,Out,721.44,US,Mobile
1394,94,2026-06-20 10:26:00,Cash Withdrawal,Out,6913.42,CA,Branch
2712,185,2026-06-20 12:46:00,ACH Debit,Out,447.88,US,Web
2623,178,2026-06-20 15:01:00,ACH Credit,In,441.34,US,Automated
2177,147,2026-06-20 15:15:00,ACH Credit,In,1652.1,US,Branch
848,60,2026-06-20 19:24:00,ACH Credit,In,6690.3,US,Mobile
614,44,2026-06-20 19:54:00,Card Purchase,Out,241.18,US,Mobile
385,29,2026-06-20 23:51:00,Wire In,In,34.61,US,Mobile
2083,140,2026-06-21 00:18:00,Card Purchase,Out,321.58,US,Mobile
19,1,2026-06-21 00:25:00,Card Purchase,Out,10,US,Branch
818,59,2026-06-21 00:57:00,Wire In,In,2199.62,SG,Web
2857,196,2026-06-21 01:53:00,Card Purchase,Out,1776.74,US,Mobile
2771,190,2026-06-21 06:18:00,ACH Debit,Out,118.91,GB,Web
3042,208,2026-06-21 06:26:00,ACH Debit,Out,10,US,Web
173,15,2026-06-21 10:52:00,ACH Credit,In,10762.34,US,Mobile
1503,101,2026-06-21 11:41:00,Wire In,In,2290.67,US,Branch
2459,169,2026-06-21 11:57:00,Wire In,In,1508.65,US,Mobile
1292,88,2026-06-21 12:05:00,Card Purchase,Out,10,US,Mobile
303,24,2026-06-21 12:21:00,Cash Deposit,In,3706.64,DE,Automated
1077,75,2026-06-21 14:53:00,Wire In,In,6153.34,GB,Automated
996,70,2026-06-21 19:48:00,Cash Deposit,In,1385.88,US,Mobile
621,45,2026-06-21 20:59:00,ACH Debit,Out,5036.59,US,Branch
634,46,2026-06-21 21:06:00,Cash Withdrawal,Out,247.17,US,Branch
3338,231,2026-06-21 22:56:00,Cash Withdrawal,Out,2423.08,US,Web
620,45,2026-06-22 02:12:00,Wire Out,Out,11791.18,US,Mobile
2117,142,2026-06-22 06:11:00,Wire Out,Out,2943.76,GB,Web
3619,248,2026-06-22 06:18:00,Wire In,In,20,US,Web
908,64,2026-06-22 06:27:00,Wire In,In,4081.21,US,Automated
1390,94,2026-06-22 08:31:00,Wire Out,Out,4005.93,US,Mobile
1364,93,2026-06-22 09:41:00,Cash Withdrawal,Out,4159.78,US,Mobile
2395,163,2026-06-22 10:00:00,Card Purchase,Out,10,US,Mobile
1615,107,2026-06-22 12:12:00,ACH Debit,Out,10,US,Mobile
1018,71,2026-06-22 13:36:00,Wire Out,Out,4627.58,US,Automated
1347,91,2026-06-22 17:21:00,Wire Out,Out,5330.84,US,Branch
2646,179,2026-06-22 17:35:00,Wire Out,Out,2287.82,CA,Branch
1141,79,2026-06-22 20:25:00,Wire Out,Out,2547.78,US,Web
565,40,2026-06-22 20:54:00,Card Purchase,Out,1216.25,US,Mobile
631,45,2026-06-22 23:26:00,Card Purchase,Out,3366.75,US,Mobile
3339,231,2026-06-23 01:28:00,Cash Deposit,In,2548.3,DE,Branch
3114,214,2026-06-23 02:03:00,ACH Debit,Out,1332.47,US,Branch
3169,219,2026-06-23 02:21:00,Card Purchase,Out,1247.46,US,Web
2363,160,2026-06-23 02:37:00,Cash Deposit,In,926.48,CA,Mobile
2740,187,2026-06-23 04:42:00,ACH Debit,Out,3885.47,US,Mobile
2894,198,2026-06-23 07:47:00,Card Purchase,Out,5087.31,MX,Automated
1441,98,2026-06-23 08:21:00,ACH Credit,In,3017.07,US,Mobile
9,1,2026-06-23 09:03:00,Wire In,In,20,US,Web
3066,211,2026-06-23 09:58:00,ACH Debit,Out,7111.99,GB,Automated
296,23,2026-06-23 10:50:00,Cash Deposit,In,11330.24,US,Automated
2887,198,2026-06-23 11:22:00,Wire In,In,9598.79,US,Mobile
2103,141,2026-06-23 12:39:00,Card Purchase,Out,1375.07,CA,Web
1913,129,2026-06-23 13:27:00,ACH Debit,Out,3291.86,US,Mobile
1644,109,2026-06-23 15:13:00,Card Purchase,Out,995.61,US,Mobile
38,3,2026-06-23 19:08:00,ACH Debit,Out,6305.75,US,Automated
2511,171,2026-06-23 19:19:00,ACH Credit,In,814.4,US,Web
1430,97,2026-06-23 23:07:00,Cash Withdrawal,Out,5327.99,US,Branch
206,18,2026-06-23 23:16:00,ACH Debit,Out,776.12,US,Web
2875,197,2026-06-23 23:24:00,Cash Deposit,In,20,US,Web
2202,149,2026-06-24 00:06:00,ACH Credit,In,3517.93,US,Branch
315,25,2026-06-24 00:18:00,Cash Deposit,In,3879.96,SG,Mobile
1263,86,2026-06-24 00:47:00,Wire In,In,625.59,US,Web
1675,112,2026-06-24 01:59:00,Wire Out,Out,4439.59,US,Branch
2410,164,2026-06-24 02:56:00,ACH Debit,Out,6052.27,US,Mobile
2804,193,2026-06-24 03:13:00,Card Purchase,Out,1236.66,US,Branch
538,39,2026-06-24 03:35:00,Cash Deposit,In,2322.69,US,Automated
1373,93,2026-06-24 05:10:00,Wire Out,Out,3095.01,US,Web
2276,153,2026-06-24 06:40:00,Card Purchase,Out,3358.31,US,Mobile
2925,200,2026-06-24 07:13:00,Card Purchase,Out,22.68,US,Branch
1239,85,2026-06-24 11:12:00,Cash Deposit,In,3895.11,GB,Branch
1280,87,2026-06-24 11:23:00,Card Purchase,Out,359.32,US,Branch
3563,245,2026-06-24 14:04:00,Cash Deposit,In,5061.42,US,Web
2092,141,2026-06-24 16:36:00,ACH Credit,In,285.91,US,Branch
1369,93,2026-06-24 18:25:00,ACH Credit,In,6325.94,US,Web
2657,180,2026-06-24 21:10:00,Card Purchase,Out,10077.06,US,Branch
1665,111,2026-06-24 21:19:00,Wire In,In,6601.36,US,Automated
2844,196,2026-06-24 21:21:00,ACH Debit,Out,4646.09,US,Automated
687,49,2026-06-24 22:13:00,Card Purchase,Out,641.53,US,Branch
2287,154,2026-06-24 22:25:00,Wire Out,Out,226.61,US,Mobile
195,16,2026-06-24 23:31:00,Wire In,In,1950.49,US,Automated
55,5,2026-06-25 00:58:00,Card Purchase,Out,1970.18,US,Branch
809,58,2026-06-25 02:18:00,ACH Debit,Out,4283.14,US,Automated
1735,116,2026-06-25 03:05:00,Wire In,In,41.47,US,Mobile
3370,232,2026-06-25 04:42:00,Cash Deposit,In,180.11,US,Branch
545,39,2026-06-25 07:30:00,ACH Debit,Out,3817.71,SG,Automated
924,65,2026-06-25 08:00:00,ACH Debit,Out,8564.56,US,Automated
1203,83,2026-06-25 08:01:00,Cash Deposit,In,2110.92,US,Branch
591,43,2026-06-25 08:40:00,ACH Debit,Out,2242.63,US,Branch
2596,177,2026-06-25 09:01:00,Cash Withdrawal,Out,1264.95,US,Mobile
2707,184,2026-06-25 09:25:00,Cash Withdrawal,Out,2040.26,US,Mobile
41,3,2026-06-25 09:39:00,ACH Credit,In,6580.66,US,Web
561,40,2026-06-25 09:50:00,Cash Withdrawal,Out,1079.06,US,Mobile
1453,98,2026-06-25 12:28:00,ACH Debit,Out,2592.4,US,Branch
899,64,2026-06-25 13:17:00,Card Purchase,Out,2177.26,CA,Web
3474,239,2026-06-25 16:00:00,Card Purchase,Out,9182.06,US,Branch
884,63,2026-06-25 19:17:00,Card Purchase,Out,1719.42,US,Mobile
3026,207,2026-06-25 19:24:00,Card Purchase,Out,887.67,US,Mobile
3120,215,2026-06-25 19:55:00,Card Purchase,Out,740.82,US,Web
1000,70,2026-06-25 20:26:00,Cash Deposit,In,1847.01,US,Automated
3367,232,2026-06-25 21:24:00,Wire Out,Out,460.77,US,Mobile
743,53,2026-06-25 21:55:00,ACH Credit,In,4123.64,US,Web
3424,236,2026-06-25 22:14:00,Wire Out,Out,10,US,Mobile
2283,154,2026-06-25 23:08:00,ACH Debit,Out,371.55,CA,Web
2227,151,2026-06-25 23:41:00,ACH Debit,Out,4446.98,US,Branch
1281,87,2026-06-26 00:15:00,Card Purchase,Out,728.16,US,Branch
49,4,2026-06-26 00:32:00,Cash Withdrawal,Out,1757.91,US,Branch
653,47,2026-06-26 00:50:00,ACH Credit,In,673.33,US,Web
1207,83,2026-06-26 02:21:00,ACH Credit,In,3250.61,CA,Automated
702,51,2026-06-26 02:56:00,ACH Credit,In,20,US,Branch
117,10,2026-06-26 04:58:00,ACH Credit,In,1976.29,DE,Web
3112,214,2026-06-26 05:30:00,ACH Credit,In,209.66,US,Branch
1866,124,2026-06-26 05:37:00,ACH Debit,Out,19.73,US,Automated
2241,151,2026-06-26 06:37:00,Wire In,In,2250.86,US,Mobile
3500,241,2026-06-26 09:57:00,Cash Withdrawal,Out,2025.65,US,Automated
358,27,2026-06-26 14:02:00,ACH Debit,Out,1563.11,US,Web
1254,86,2026-06-26 15:04:00,ACH Credit,In,2586.75,US,Branch
2531,173,2026-06-26 15:12:00,ACH Debit,Out,10,US,Web
3305,228,2026-06-26 16:40:00,Card Purchase,Out,1865.25,US,Branch
2548,174,2026-06-26 17:23:00,Card Purchase,Out,2341.15,US,Web
3233,222,2026-06-26 17:50:00,Cash Deposit,In,20,US,Mobile
3352,232,2026-06-26 19:13:00,Card Purchase,Out,1169.23,US,Automated
3612,248,2026-06-26 20:58:00,Cash Withdrawal,Out,747.62,US,Web
2676,181,2026-06-26 23:21:00,Card Purchase,Out,1792.14,US,Web
3261,224,2026-06-27 00:26:00,Card Purchase,Out,2154.7,US,Branch
469,34,2026-06-27 00:41:00,ACH Credit,In,703.39,US,Automated
3414,235,2026-06-27 02:03:00,ACH Debit,Out,10,US,Automated
3213,221,2026-06-27 02:07:00,Card Purchase,Out,40.01,US,Web
1516,102,2026-06-27 02:19:00,Wire Out,Out,41.94,US,Web
1003,70,2026-06-27 02:29:00,Cash Deposit,In,2741.58,US,Automated
3529,242,2026-06-27 03:18:00,Wire Out,Out,10,US,Branch
3064,210,2026-06-27 04:26:00,Cash Deposit,In,15253.37,US,Automated
3485,240,2026-06-27 07:15:00,Cash Withdrawal,Out,330.79,DE,Branch
2975,204,2026-06-27 08:07:00,Card Purchase,Out,2285.55,CA,Web
64,6,2026-06-27 08:17:00,ACH Debit,Out,539.0,US,Web
1858,124,2026-06-27 09:15:00,Cash Withdrawal,Out,10,US,Automated
181,15,2026-06-27 09:42:00,Wire Out,Out,5318.48,US,Branch
2280,153,2026-06-27 09:45:00,Card Purchase,Out,4261.61,MX,Branch
287,23,2026-06-27 09:51:00,Card Purchase,Out,5231.44,US,Branch
2695,183,2026-06-27 11:28:00,ACH Credit,In,670.7,US,Automated
3353,232,2026-06-27 11:48:00,Cash Deposit,In,884.49,US,Web
1542,104,2026-06-27 12:17:00,Card Purchase,Out,1531.88,SG,Branch
2585,176,2026-06-27 15:10:00,Card Purchase,Out,1159.13,SG,Automated
2185,148,2026-06-27 16:02:00,Card Purchase,Out,3869.58,US,Web
1402,95,2026-06-27 22:03:00,Cash Deposit,In,2453.1,US,Web
2576,176,2026-06-27 22:44:00,Wire In,In,2088.04,US,Mobile
2422,165,2026-06-27 23:57:00,Cash Deposit,In,1463.02,US,Mobile
3592,247,2026-06-28 00:03:00,Wire Out,Out,339.71,US,Branch
1046,73,2026-06-28 00:07:00,Card Purchase,Out,2428.48,SG,Branch
1293,88,2026-06-28 00:40:00,Card Purchase,Out,10,US,Automated
1230,85,2026-06-28 06:19:00,Cash Withdrawal,Out,1470.05,CA,Mobile
1569,105,2026-06-28 06:37:00,Cash Withdrawal,Out,1522.48,MX,Branch
3106,213,2026-06-28 06:48:00,Cash Withdrawal,Out,4384.67,US,Automated
1874,125,2026-06-28 08:34:00,Wire Out,Out,3669.32,US,Web
2604,177,2026-06-28 09:22:00,Cash Deposit,In,1041.06,US,Web
142,12,2026-06-28 14:17:00,Cash Withdrawal,Out,9381.25,US,Web
973,68,2026-06-28 15:32:00,Card Purchase,Out,10,US,Web
1959,132,2026-06-28 16:11:00,Card Purchase,Out,525.84,SG,Web
410,30,2026-06-28 16:41:00,Card Purchase,Out,35.51,US,Web
2471,169,2026-06-28 17:39:00,Cash Withdrawal,Out,1229.07,US,Branch
134,12,2026-06-28 19:02:00,ACH Debit,Out,13841.83,US,Automated
2543,173,2026-06-28 19:22:00,Card Purchase,Out,16.69,SG,Branch
3065,211,2026-06-28 20:19:00,ACH Debit,Out,14815.74,US,Automated
2329,158,2026-06-28 20:50:00,Cash Deposit,In,3709.36,US,Web
3358,232,2026-06-28 21:24:00,Wire In,In,908.15,US,Automated
238,20,2026-06-28 21:36:00,ACH Credit,In,946.23,US,Automated
2296,155,2026-06-28 21:54:00,Cash Withdrawal,Out,2801.47,US,Automated
3419,235,2026-06-28 22:42:00,Cash Deposit,In,4482.41,US,Automated
1165,81,2026-06-28 23:04:00,ACH Credit,In,4467.97,MX,Web
2027,136,2026-06-29 00:02:00,ACH Credit,In,5346.0,US,Automated
3421,236,2026-06-29 01:50:00,Card Purchase,Out,3165.98,GB,Mobile
1758,117,2026-06-29 02:29:00,ACH Credit,In,564.04,US,Branch
3484,240,2026-06-29 02:42:00,ACH Credit,In,1930.66,US,Branch
355,27,2026-06-29 02:47:00,Cash Withdrawal,Out,2795.33,US,Web
340,26,2026-06-29 03:26:00,Card Purchase,Out,38.99,US,Web
2550,174,2026-06-29 03:53:00,Card Purchase,Out,3114.05,CA,Mobile
2761,189,2026-06-29 04:46:00,Card Purchase,Out,3868.28,US,Web
3142,217,2026-06-29 05:00:00,Card Purchase,Out,1527.08,US,Web
1568,105,2026-06-29 06:02:00,Card Purchase,Out,10,US,Branch
513,37,2026-06-29 09:24:00,Card Purchase,Out,1401.39,US,Branch
457,34,2026-06-29 13:10:00,ACH Credit,In,2021.36,US,Mobile
718,52,2026-06-29 13:33:00,Wire Out,Out,3401.5,US,Automated
3174,219,2026-06-29 15:37:00,Cash Withdrawal,Out,1785.64,US,Automated
337,26,2026-06-29 16:02:00,Card Purchase,Out,63.11,US,Mobile
1891,127,2026-06-29 16:10:00,ACH Credit,In,4421.76,US,Automated
1192,82,2026-06-29 16:18:00,Cash Withdrawal,Out,199.12,SG,Automated
1673,112,2026-06-29 17:58:00,ACH Debit,Out,2612.06,US,Mobile
3215,221,2026-06-29 21:15:00,Cash Deposit,In,65.39,US,Automated
3138,217,2026-06-29 21:31:00,Card Purchase,Out,10,US,Mobile
2415,165,2026-06-29 22:52:00,ACH Debit,Out,4332.1,US,Automated
1652,110,2026-06-29 23:55:00,Wire Out,Out,4797.09,US,Web
2210,150,2026-06-29 23:57:00,Cash Deposit,In,3093.29,US,Branch
3542,243,2026-06-30 00:06:00,Wire Out,Out,3012.21,US,Mobile
2624,178,2026-06-30 00:31:00,Card Purchase,Out,3308.33,US,Branch
80,7,2026-06-30 02:04:00,Card Purchase,Out,6014.41,US,Branch
541,39,2026-06-30 02:09:00,Card Purchase,Out,2112.01,US,Mobile
2525,172,2026-06-30 02:10:00,Cash Deposit,In,319.24,US,Mobile
447,33,2026-06-30 02:22:00,ACH Credit,In,2143.19,GB,Mobile
519,38,2026-06-30 04:44:00,Wire Out,Out,2560.8,US,Automated
3413,235,2026-06-30 07:17:00,Cash Deposit,In,2445.74,GB,Automated
3203,221,2026-06-30 09:52:00,Card Purchase,Out,41.8,US,Web
964,68,2026-06-30 10:55:00,ACH Debit,Out,741.57,CA,Mobile
1119,77,2026-06-30 11:56:00,ACH Debit,Out,10,US,Mobile
1625,108,2026-06-30 12:19:00,Wire Out,Out,3911.03,US,Mobile
555,40,2026-06-30 13:34:00,Cash Deposit,In,134.92,US,Automated
838,60,2026-06-30 13:47:00,Wire In,In,1458.24,US,Mobile
3147,217,2026-06-30 15:41:00,ACH Debit,Out,2738.35,US,Web
2866,197,2026-06-30 15:46:00,Card Purchase,Out,30.85,CA,Mobile
2377,161,2026-06-30 17:28:00,Card Purchase,Out,35.36,US,Automated
274,22,2026-06-30 23:12:00,Cash Withdrawal,Out,2766.21,US,Automated
